/*
SQLyog Enterprise - MySQL GUI v7.02 
MySQL - 8.0.26 : Database - basic-project
*********************************************************************
*/

/*!40101 SET NAMES utf8 */;

/*!40101 SET SQL_MODE=''*/;

/*!40014 SET @OLD_FOREIGN_KEY_CHECKS=@@FOREIGN_KEY_CHECKS, FOREIGN_KEY_CHECKS=0 */;
/*!40101 SET @OLD_SQL_MODE=@@SQL_MODE, SQL_MODE='NO_AUTO_VALUE_ON_ZERO' */;

CREATE DATABASE /*!32312 IF NOT EXISTS*/`basic-project` /*!40100 DEFAULT CHARACTER SET utf8 */ /*!80016 DEFAULT ENCRYPTION='N' */;

USE `basic-project`;

/*Table structure for table `person` */

DROP TABLE IF EXISTS `person`;

CREATE TABLE `person` (
  `id` varchar(100) NOT NULL COMMENT '主键',
  `name` varchar(100) DEFAULT NULL COMMENT '名称',
  `age` int DEFAULT '0' COMMENT '年龄',
  `birthday` date DEFAULT NULL COMMENT '出生日期',
  `gender` int DEFAULT '0' COMMENT '性别',
  `address` varchar(300) DEFAULT NULL COMMENT '地址',
  `summary` text COMMENT '简介',
  `create_by` varchar(100) DEFAULT NULL COMMENT '创建用户',
  `create_time` datetime DEFAULT NULL COMMENT '创建时间',
  `update_by` varchar(100) DEFAULT NULL COMMENT '更新用户',
  `update_time` datetime DEFAULT NULL COMMENT '更新时间',
  PRIMARY KEY (`id`)
) ENGINE=InnoDB DEFAULT CHARSET=utf8mb3 CHECKSUM=1 DELAY_KEY_WRITE=1 ROW_FORMAT=DYNAMIC;

/*Data for the table `person` */

insert  into `person`(`id`,`name`,`age`,`birthday`,`gender`,`address`,`summary`,`create_by`,`create_time`,`update_by`,`update_time`) values ('1258666571831767042','张三1',10,'2020-01-01',1,'山东临沂1','我厉害了1','admin','2020-05-08 15:54:30',NULL,NULL),('1258666571844349953','张三2',11,'2020-01-02',1,'山东临沂2','我厉害了2','admin','2020-05-08 15:54:30',NULL,NULL),('1258666571852738561','张三3',12,'2020-01-03',2,'山东临沂3','我厉害了3','admin','2020-05-08 15:54:30',NULL,NULL),('1258666571873710081','张三4',13,'2020-01-04',0,'山东临沂4','我厉害了4','admin','2020-05-08 15:54:30',NULL,NULL),('1258666571886292994','张三5',14,'2020-01-05',1,'山东临沂5','我厉害了5','admin','2020-05-08 15:54:30',NULL,NULL),('1258666571894681602','张三6',15,'2020-01-06',0,'山东临沂6','我厉害了6','admin','2020-05-08 15:54:30',NULL,NULL),('1258666571907264514','张三7',16,'2020-01-07',1,'山东临沂7','我厉害了7','admin','2020-05-08 15:54:30',NULL,NULL),('1258666571915653122','张三8',17,'2020-01-08',0,'山东临沂8','我厉害了8','admin','2020-05-08 15:54:30',NULL,NULL),('1258666571924041730','张三9',18,'2020-01-09',2,'山东临沂9','我厉害了9','admin','2020-05-08 15:54:30',NULL,NULL),('1258666571940818945','张三10',19,'2020-01-10',1,'山东临沂10','我厉害了10','admin','2020-05-08 15:54:30',NULL,NULL),('1258666571949207553','张三11',20,'2020-01-11',0,'山东临沂11','我厉害了11','admin','2020-05-08 15:54:30',NULL,NULL),('1258666571961790466','张三12',21,'2020-01-12',2,'山东临沂12','我厉害了12','admin','2020-05-08 15:54:30',NULL,NULL),('1258666571970179073','张三13',22,'2020-01-13',0,'山东临沂13','我厉害了13','admin','2020-05-08 15:54:30',NULL,NULL),('1258666571982761985','张三14',23,'2020-01-14',1,'山东临沂14','我厉害了14','admin','2020-05-08 15:54:30',NULL,NULL),('1258666571995344897','张三15',24,'2020-01-16',2,'山东临沂15','我厉害了15','admin','2020-05-08 15:54:30',NULL,NULL),('1258670326111272962','张三1',10,'2020-01-01',1,'山东临沂1','我厉害了1','admin','2020-05-08 16:09:25',NULL,NULL),('1258670326161604610','张三2',11,'2020-01-02',1,'山东临沂2','我厉害了2','admin','2020-05-08 16:09:25',NULL,NULL),('1258670326182576129','张三3',12,'2020-01-03',2,'山东临沂3','我厉害了3','admin','2020-05-08 16:09:25',NULL,NULL),('1258670326207741953','张三4',13,'2020-01-04',0,'山东临沂4','我厉害了4','admin','2020-05-08 16:09:25',NULL,NULL),('1258670326224519170','张三5',14,'2020-01-05',1,'山东临沂5','我厉害了5','admin','2020-05-08 16:09:25',NULL,NULL),('1258670326245490690','张三6',15,'2020-01-06',0,'山东临沂6','我厉害了6','admin','2020-05-08 16:09:25',NULL,NULL),('1258670326279045121','张三7',16,'2020-01-07',1,'山东临沂7','我厉害了7','admin','2020-05-08 16:09:25',NULL,NULL),('1258670326304210945','张三8',17,'2020-01-08',0,'山东临沂8','我厉害了8','admin','2020-05-08 16:09:25',NULL,NULL),('1258670326329376770','张三9',18,'2020-01-09',2,'山东临沂9','我厉害了9','admin','2020-05-08 16:09:25',NULL,NULL),('1258670326354542593','张三10',19,'2020-01-10',1,'山东临沂10','我厉害了10','admin','2020-05-08 16:09:25',NULL,NULL),('1258670326362931202','张三11',20,'2020-01-11',0,'山东临沂11','我厉害了11','admin','2020-05-08 16:09:25',NULL,NULL),('1258670326388097026','张三12',21,'2020-01-12',2,'山东临沂12','我厉害了12','admin','2020-05-08 16:09:25',NULL,NULL),('1258670326421651458','张三13',22,'2020-01-13',0,'山东临沂13','我厉害了13','admin','2020-05-08 16:09:25',NULL,NULL),('1258670326434234369','张三14',23,'2020-01-14',1,'山东临沂14','我厉害了14','admin','2020-05-08 16:09:25',NULL,NULL),('1258670326455205889','张三15',24,'2020-01-15',2,'山东临沂15','我厉害了15','admin','2020-05-08 16:09:25',NULL,NULL),('1377193036516208642','111',111,'2021-03-09',0,'11','111','admin','2021-03-31 17:36:22','admin','2021-03-31 17:36:22');

/*Table structure for table `product` */

DROP TABLE IF EXISTS `product`;

CREATE TABLE `product` (
  `id` varchar(100) NOT NULL COMMENT '主键',
  `name` varchar(300) DEFAULT NULL COMMENT '名称',
  `author` varchar(100) DEFAULT NULL COMMENT '作者',
  `detail` text COMMENT '描述',
  `cut_id` varchar(100) DEFAULT NULL COMMENT '裁切图id',
  `cut_url` varchar(200) DEFAULT NULL COMMENT '裁切图url',
  `short_id` varchar(100) DEFAULT NULL COMMENT '缩略图id',
  `short_image` varchar(300) DEFAULT NULL COMMENT '缩略图',
  `create_by` varchar(100) DEFAULT NULL COMMENT '创建人',
  `create_time` datetime DEFAULT NULL COMMENT '创建时间',
  `update_by` varchar(100) DEFAULT NULL COMMENT '修改人',
  `update_time` datetime DEFAULT NULL COMMENT '修改时间',
  `content` longtext COMMENT '详情',
  PRIMARY KEY (`id`)
) ENGINE=InnoDB DEFAULT CHARSET=utf8mb3 CHECKSUM=1 DELAY_KEY_WRITE=1 ROW_FORMAT=DYNAMIC;

/*Data for the table `product` */

insert  into `product`(`id`,`name`,`author`,`detail`,`cut_id`,`cut_url`,`short_id`,`short_image`,`create_by`,`create_time`,`update_by`,`update_time`,`content`) values ('1272789700896145410','作品上传1','小飞侠1','擦擦擦',NULL,NULL,'1290094929626853377','http://localhost:8888/profile/upload/2020/08/03/c2824031c5befb0c2f670101a1285995.jpg','admin','2020-06-16 15:14:47','admin','2020-10-10 09:15:40',NULL),('1272792876982517762','测试2','ccc','',NULL,NULL,'1272792846808694786','http://localhost:8888/profile/upload/2020/06/16/8c6f54ec3a1ab95efbf5beb3703b0c55.png','admin','2020-06-16 15:27:24',NULL,NULL,NULL),('1272794581895790594','测试会议2','ccc ','ccc',NULL,NULL,'1272794467160604673','http://localhost:8888/profile/upload/2020/06/16/29d1e0688174d09412be291c7645a5a7.jpg','admin','2020-06-16 15:34:10',NULL,NULL,NULL),('1277881221693644801','SEO标题','ccc','','1277881088704847874','http://localhost:8888/profile/upload/2020/06/30/bbb5a86856bba563f17522534a660339.png','1277881181377994754','http://localhost:8888/profile/upload/2020/06/30/5fee250b9156f4254437c05fe28bc1fc.jpg','admin','2020-06-30 16:26:40',NULL,NULL,NULL),('1282512922944278530','设计分类','oo','','1282512820741672961','http://localhost:8888/profile/upload/2020/07/13/6c398c202f9c8d366bda3ab2017f8e75.jpg','1344105529587322881','http://localhost:8888/profile/upload/2020/12/30/01d5c97ec87c502058d91e1b263c37c2.jpg','admin','2020-07-13 11:11:23','admin','2020-12-30 10:18:30',NULL),('1383951652699037697','&lt;script&gt;alert(&#39;drj&#39;)&lt;/script&gt;','汽车之家',NULL,'1383951492837335042','/profile/upload/images/2021/04/19/efc461435a2d6f39afffdc65f1ee37df.jpg','1383951520393912322','/profile/upload/images/2021/04/19/073dddbf798e8ec53b00c8750000e26d.jpg','admin','2021-04-19 09:12:41','admin','2021-04-19 09:18:22','&lt;p class=&quot;contentFont&quot; style=&quot;padding: 0px 17px; margin: 0.24rem auto 0px; text-size-adjust: 100%; text-align: justify; font-size: 0.19rem; line-height: 0.3rem; width: 740px; box-sizing: border-box; font-family: -apple-system-font, &amp;quot;Helvetica Neue&amp;quot;, &amp;quot;PingFang SC&amp;quot;, &amp;quot;Hiragino Sans GB&amp;quot;, &amp;quot;Microsoft YaHei&amp;quot;, sans-serif; white-space: normal; background-color: rgb(255, 255, 255);&quot;&gt;4月13日，局面突然缓和下来。拜登致电普京，提议在未来几个月内在第三国举行面对面会谈。两位总统同意研究举行峰会的可能性，&lt;/p&gt;&lt;p class=&quot;contentFont&quot; style=&quot;padding: 0px 17px; margin: 0.24rem auto 0px; text-size-adjust: 100%; text-align: justify; font-size: 0.19rem; line-height: 0.3rem; width: 740px; box-sizing: border-box; font-family: -apple-system-font, &amp;quot;Helvetica Neue&amp;quot;, &amp;quot;PingFang SC&amp;quot;, &amp;quot;Hiragino Sans GB&amp;quot;, &amp;quot;Microsoft YaHei&amp;quot;, sans-serif; white-space: normal; background-color: rgb(255, 255, 255);&quot;&gt;&lt;br/&gt;&lt;/p&gt;&lt;p class=&quot;contentFont&quot; style=&quot;padding: 0px 17px; margin: 0.24rem auto 0px; text-size-adjust: 100%; text-align: justify; font-size: 0.19rem; line-height: 0.3rem; width: 740px; box-sizing: border-box; font-family: -apple-system-font, &amp;quot;Helvetica Neue&amp;quot;, &amp;quot;PingFang SC&amp;quot;, &amp;quot;Hiragino Sans GB&amp;quot;, &amp;quot;Microsoft YaHei&amp;quot;, sans-serif; white-space: normal; background-color: rgb(255, 255, 255);&quot;&gt;并表示愿意继续接触。&lt;/p&gt;&lt;p style=&quot;padding: 0px; margin-top: 0px; margin-bottom: 0px; width: 740px; box-sizing: border-box; font-family: -apple-system-font, &amp;quot;Helvetica Neue&amp;quot;, &amp;quot;PingFang SC&amp;quot;, &amp;quot;Hiragino Sans GB&amp;quot;, &amp;quot;Microsoft YaHei&amp;quot;, sans-serif; white-space: normal; background-color: rgb(255, 255, 255);&quot;&gt;&lt;img border=&quot;0&quot; src=&quot;/profile/upload/ueditor/2021/04/19/8d9f85145b3f6b1d60f13916a2bb6a1d.jpg&quot; data-width=&quot;600.0&quot; data-height=&quot;421.0&quot; data-index=&quot;0&quot; style=&quot;padding: 0px; margin: 0.24rem auto 0px; max-width: 100%; display: block;&quot;/&gt;&lt;/p&gt;&lt;p style=&quot;padding: 0px; margin-top: 0px; margin-bottom: 0px; width: 740px; box-sizing: border-box; font-family: -apple-system-font, &amp;quot;Helvetica Neue&amp;quot;, &amp;quot;PingFang SC&amp;quot;, &amp;quot;Hiragino Sans GB&amp;quot;, &amp;quot;Microsoft YaHei&amp;quot;, sans-serif; white-space: normal; background-color: rgb(255, 255, 255);&quot;&gt;&lt;br/&gt;&lt;/p&gt;&lt;p class=&quot;contentFont&quot; style=&quot;padding: 0px 17px; margin: 0.24rem auto 0px; text-size-adjust: 100%; text-align: justify; font-size: 0.19rem; line-height: 0.3rem; width: 740px; box-sizing: border-box; font-family: -apple-system-font, &amp;quot;Helvetica Neue&amp;quot;, &amp;quot;PingFang SC&amp;quot;, &amp;quot;Hiragino Sans GB&amp;quot;, &amp;quot;Microsoft YaHei&amp;quot;, sans-serif; white-space: normal; background-color: rgb(255, 255, 255);&quot;&gt;▲资料图：普京（新华社）&lt;/p&gt;&lt;p class=&quot;contentFont&quot; style=&quot;padding: 0px 17px; margin: 0.24rem auto 0px; text-size-adjust: 100%; text-align: justify; font-size: 0.19rem; line-height: 0.3rem; width: 740px; box-sizing: border-box; font-family: -apple-system-font, &amp;quot;Helvetica Neue&amp;quot;, &amp;quot;PingFang SC&amp;quot;, &amp;quot;Hiragino Sans GB&amp;quot;, &amp;quot;Microsoft YaHei&amp;quot;, sans-serif; white-space: normal; background-color: rgb(255, 255, 255);&quot;&gt;&lt;br/&gt;&lt;/p&gt;&lt;p class=&quot;contentFont&quot; style=&quot;padding: 0px 17px; margin: 0.24rem auto 0px; text-size-adjust: 100%; text-align: justify; font-size: 0.19rem; line-height: 0.3rem; width: 740px; box-sizing: border-box; font-family: -apple-system-font, &amp;quot;Helvetica Neue&amp;quot;, &amp;quot;PingFang SC&amp;quot;, &amp;quot;Hiragino Sans GB&amp;quot;, &amp;quot;Microsoft YaHei&amp;quot;, sans-serif; white-space: normal; background-color: rgb(255, 255, 255);&quot;&gt;4月15日获悉，美国人决定不向黑海派遣两艘驱逐舰。然而，这一“释压”举措立即被一揽子新的大规模反俄制裁抵消。&lt;/p&gt;&lt;p&gt;&lt;br/&gt;&lt;/p&gt;&lt;p&gt;&lt;br/&gt;&lt;/p&gt;');

/*Table structure for table `product_file` */

DROP TABLE IF EXISTS `product_file`;

CREATE TABLE `product_file` (
  `product_id` varchar(100) DEFAULT NULL COMMENT '作品id',
  `file_id` varchar(100) DEFAULT NULL COMMENT '文件id'
) ENGINE=InnoDB DEFAULT CHARSET=utf8mb3 CHECKSUM=1 DELAY_KEY_WRITE=1 ROW_FORMAT=DYNAMIC;

/*Data for the table `product_file` */

insert  into `product_file`(`product_id`,`file_id`) values ('1272789700896145410','1272789679136096257'),('1272789700896145410','1272805193614954497'),('1272789700896145410','1272805193552039937'),('1272789700896145410','1272805193682063362'),('1272789700896145410','1272805193900167170'),('1272792876982517762','1272792870988857346'),('1272794581895790594','1272794557858234369'),('1272794581895790594','1272794557950509058'),('1272794581895790594','1272794557635936258'),('1272794581895790594','1272794557598187522'),('1277881221693644801','1277881219198033921'),('1282512922944278530','1344105469491335169'),('1383951652699037697','1383951588463271937');

/*Table structure for table `product_image` */

DROP TABLE IF EXISTS `product_image`;

CREATE TABLE `product_image` (
  `product_id` varchar(100) DEFAULT NULL COMMENT '作品主键',
  `image_id` varchar(100) DEFAULT NULL COMMENT '图片主键'
) ENGINE=InnoDB DEFAULT CHARSET=utf8mb3 CHECKSUM=1 DELAY_KEY_WRITE=1 ROW_FORMAT=DYNAMIC;

/*Data for the table `product_image` */

insert  into `product_image`(`product_id`,`image_id`) values ('1272789700896145410','1272789655337615361'),('1272792876982517762','1272792860880584705'),('1272794581895790594','1272794515005030402'),('1272794581895790594','1272794503621689345'),('1272794581895790594','1272794503500054529'),('1272794581895790594','1272794485779120129'),('1272794581895790594','1272794485527461890'),('1272789700896145410','1272805132478779393'),('1272789700896145410','1272805207099641857'),('1272789700896145410','1272805081949999105'),('1277881221693644801','1277881197886775297'),('1277881221693644801','1277881197559619586'),('1277881221693644801','1277881197526065153'),('1282512922944278530','1344105447584485378'),('1282512922944278530','1344105438696755202'),('1383951652699037697','1383951553713463297'),('1383951652699037697','1383951553503748098'),('1383951652699037697','1383951553340170242'),('1383951652699037697','1383951553084317698'),('1383951652699037697','1383951552841048066');

/*Table structure for table `sys_area` */

DROP TABLE IF EXISTS `sys_area`;

CREATE TABLE `sys_area` (
  `id` varchar(100) NOT NULL COMMENT '地区id',
  `pid` varchar(100) DEFAULT NULL COMMENT '父级id',
  `ancestors` varchar(300) DEFAULT NULL COMMENT '祖级列表',
  `code` varchar(200) DEFAULT NULL COMMENT '区划编码',
  `name` varchar(100) DEFAULT NULL COMMENT '地区名称',
  `sort` int DEFAULT NULL COMMENT '显示顺序',
  `create_by` varchar(100) DEFAULT NULL COMMENT '创建人',
  `create_time` datetime DEFAULT NULL COMMENT '创建时间',
  `update_by` varchar(100) DEFAULT NULL COMMENT '更新人',
  `update_time` datetime DEFAULT NULL COMMENT '更新时间',
  PRIMARY KEY (`id`) USING BTREE
) ENGINE=InnoDB DEFAULT CHARSET=utf8mb3 ROW_FORMAT=DYNAMIC;

/*Data for the table `sys_area` */

insert  into `sys_area`(`id`,`pid`,`ancestors`,`code`,`name`,`sort`,`create_by`,`create_time`,`update_by`,`update_time`) values ('1333620410082713601','0','0','100','北京市',0,'admin','2020-12-01 11:54:18','admin','2020-12-16 14:04:38'),('1333620468643586050','1333620410082713601','0,1333620410082713601','10010','北京市',0,'admin','2020-12-01 11:54:32',NULL,NULL),('1333620561811660801','1333620514982256641','0,1333620514982256641','2001','济南市',0,'admin','2020-12-01 11:54:54',NULL,NULL),('1333620606518747138','1333620514982256641','0,1333620514982256641','2002','临沂市',0,'admin','2020-12-01 11:55:05',NULL,NULL),('1333620671056502785','1333620606518747138','0,1333620514982256641,1333620606518747138','200201','兰山区',0,'admin','2020-12-01 11:55:20',NULL,NULL),('1333620714450771970','1333620606518747138','0,1333620514982256641,1333620606518747138','200202','河东区',0,'admin','2020-12-01 11:55:30','admin','2020-12-16 11:42:22'),('1334039974843060226','1333620714450771970','0,1333620514982256641,1333620606518747138,1333620714450771970','371312','芝麻墩街道',0,'admin','2020-12-02 15:41:30',NULL,NULL),('1334040060784349185','1333620714450771970','0,1333620514982256641,1333620606518747138,1333620714450771970','371311','经济技术开发区',0,'admin','2020-12-02 15:41:50','admin','2020-12-16 11:42:13'),('1339053251536883714','1333620714450771970','0,1333620514982256641,1333620606518747138,1333620714450771970','sys_11','11111222',11,'admin','2020-12-16 11:42:28','admin','2020-12-16 11:42:55'),('1372090971511087106','1333620410082713601','0,1333620410082713601','0101','测试',0,'admin','2021-03-17 15:42:34','admin','2021-03-17 16:21:19');

/*Table structure for table `sys_config` */

DROP TABLE IF EXISTS `sys_config`;

CREATE TABLE `sys_config` (
  `id` varchar(100) CHARACTER SET utf8 COLLATE utf8_general_ci NOT NULL COMMENT '主键',
  `code` varchar(255) CHARACTER SET utf8 COLLATE utf8_general_ci DEFAULT NULL COMMENT '配置项编码',
  `value` varchar(255) CHARACTER SET utf8 COLLATE utf8_general_ci DEFAULT NULL COMMENT '配置项值',
  `model` varchar(100) CHARACTER SET utf8 COLLATE utf8_bin DEFAULT NULL COMMENT '配置模块编码',
  `create_by` varchar(100) CHARACTER SET utf8 COLLATE utf8_bin DEFAULT NULL COMMENT '创建者',
  `create_time` datetime DEFAULT NULL COMMENT '创建时间',
  `update_by` varchar(100) CHARACTER SET utf8 COLLATE utf8_bin DEFAULT NULL COMMENT '更新者',
  `update_time` datetime DEFAULT NULL COMMENT '更新时间',
  PRIMARY KEY (`id`)
) ENGINE=InnoDB DEFAULT CHARSET=utf8mb3 COLLATE=utf8_bin;

/*Data for the table `sys_config` */

insert  into `sys_config`(`id`,`code`,`value`,`model`,`create_by`,`create_time`,`update_by`,`update_time`) values ('1437246617392857089','sys_name','后台管理系统','basic','admin','2021-09-13 10:47:51','admin','2021-09-13 10:51:36'),('1437246617455771649','sys_title','测试后台管理','basic','admin','2021-09-13 10:47:51','admin','2021-09-13 10:51:36'),('1437246617455771650','login_content','','basic','admin','2021-09-13 10:47:51','admin','2021-09-13 10:51:36'),('1437246617455771651','login_title','','basic','admin','2021-09-13 10:47:51','admin','2021-09-13 10:51:36');

/*Table structure for table `sys_dictionary` */

DROP TABLE IF EXISTS `sys_dictionary`;

CREATE TABLE `sys_dictionary` (
  `id` varchar(100) DEFAULT NULL COMMENT '主键id',
  `name` varchar(200) DEFAULT NULL COMMENT '字典名称',
  `value` varchar(200) DEFAULT NULL COMMENT '字典值',
  `type` varchar(200) DEFAULT NULL COMMENT '字典项分类',
  `remark` varchar(300) DEFAULT NULL COMMENT '说明',
  `status` int DEFAULT '0' COMMENT '状态 0正常 1禁用',
  `sort` int DEFAULT NULL COMMENT '排序',
  KEY `UNI_SYS_DICT_TYPENAME` (`name`,`type`) USING BTREE
) ENGINE=InnoDB DEFAULT CHARSET=utf8mb3;

/*Data for the table `sys_dictionary` */

insert  into `sys_dictionary`(`id`,`name`,`value`,`type`,`remark`,`status`,`sort`) values ('1339120812945375233','男','1','system_sex','性别',1,1),('1339120887616569346','女','2','system_sex','性别',1,1),('1339120971255185410','保密','0','system_sex','性别',1,0);

/*Table structure for table `sys_login_log` */

DROP TABLE IF EXISTS `sys_login_log`;

CREATE TABLE `sys_login_log` (
  `id` varchar(100) NOT NULL COMMENT '主键',
  `username` varchar(100) CHARACTER SET utf8 COLLATE utf8_general_ci DEFAULT NULL COMMENT '登录账号',
  `login_ip` varchar(100) DEFAULT NULL COMMENT '登录IP',
  `browser` varchar(100) DEFAULT NULL COMMENT '浏览器',
  `os` varchar(100) DEFAULT NULL COMMENT '操作系统',
  `status` int DEFAULT '0' COMMENT '登录状态 1成功0失败',
  `login_time` datetime DEFAULT NULL COMMENT '登录时间',
  `msg` varchar(255) DEFAULT NULL COMMENT '登录信息',
  PRIMARY KEY (`id`)
) ENGINE=InnoDB DEFAULT CHARSET=utf8mb3;

/*Data for the table `sys_login_log` */

insert  into `sys_login_log`(`id`,`username`,`login_ip`,`browser`,`os`,`status`,`login_time`,`msg`) values ('1435493358709841921','admin','0:0:0:0:0:0:0:1','Chrome 9','Windows 10',1,'2021-09-08 14:41:02','登录成功'),('1435497445769637890','admin','127.0.0.1','Chrome 9','Windows 10',1,'2021-09-08 14:57:16','登录成功'),('1436208227536896002','admin','0:0:0:0:0:0:0:1','Chrome 9','Windows 10',1,'2021-09-10 14:01:39','登录成功'),('1436221468430327810','admin','0:0:0:0:0:0:0:1','Chrome 9','Windows 10',1,'2021-09-10 14:54:16','登录成功'),('1436240144458080258','ceshi','0:0:0:0:0:0:0:1','Chrome 9','Windows 10',0,'2021-09-10 16:08:29','用户名密码不正确'),('1436240347848269825','admin','0:0:0:0:0:0:0:1','Chrome 9','Windows 10',1,'2021-09-10 16:09:18','登录成功'),('1437246548778237953','admin','0:0:0:0:0:0:0:1','Chrome 9','Windows 10',1,'2021-09-13 10:47:34','登录成功'),('1437247288766627842','admin','0:0:0:0:0:0:0:1','Chrome 9','Windows 10',1,'2021-09-13 10:50:31','登录成功'),('1437247983213465601','admin','0:0:0:0:0:0:0:1','Chrome 9','Windows 10',1,'2021-09-13 10:53:16','登录成功'),('1441230904387461122','admin','0:0:0:0:0:0:0:1','Chrome 9','Windows 10',1,'2021-09-24 10:39:59','登录成功'),('1442055780404891650','admin','0:0:0:0:0:0:0:1','Chrome 9','Windows 10',1,'2021-09-26 17:17:44','登录成功'),('1442055795303059458','admin','0:0:0:0:0:0:0:1','Chrome 9','Windows 10',0,'2021-09-26 17:17:48','用户名密码不正确'),('1442055804866072577','admin','0:0:0:0:0:0:0:1','Chrome 9','Windows 10',0,'2021-09-26 17:17:51','用户名密码不正确'),('1442055811501461505','admin','0:0:0:0:0:0:0:1','Chrome 9','Windows 10',0,'2021-09-26 17:17:52','用户名密码不正确'),('1442055817293795329','admin','0:0:0:0:0:0:0:1','Chrome 9','Windows 10',0,'2021-09-26 17:17:54','用户名密码不正确'),('1442055823404896258','admin','0:0:0:0:0:0:0:1','Chrome 9','Windows 10',0,'2021-09-26 17:17:55','用户名密码不正确'),('1442055830581350401','admin','0:0:0:0:0:0:0:1','Chrome 9','Windows 10',0,'2021-09-26 17:17:57','用户连续登录失败超过规定次数，账号临时锁定'),('1442055841964691458','admin','0:0:0:0:0:0:0:1','Chrome 9','Windows 10',0,'2021-09-26 17:17:59','用户连续登录失败超过规定次数，账号临时锁定'),('1442055846901387265','admin','0:0:0:0:0:0:0:1','Chrome 9','Windows 10',0,'2021-09-26 17:18:01','用户连续登录失败超过规定次数，账号临时锁定'),('1442055855289995265','admin','0:0:0:0:0:0:0:1','Chrome 9','Windows 10',0,'2021-09-26 17:18:03','用户连续登录失败超过规定次数，账号临时锁定'),('1442055872151097345','admin','0:0:0:0:0:0:0:1','Chrome 9','Windows 10',0,'2021-09-26 17:18:07','用户连续登录失败超过规定次数，账号临时锁定'),('1442055879365300225','admin','0:0:0:0:0:0:0:1','Chrome 9','Windows 10',0,'2021-09-26 17:18:08','用户连续登录失败超过规定次数，账号临时锁定'),('1442055902094233602','admin','0:0:0:0:0:0:0:1','Chrome 9','Windows 10',0,'2021-09-26 17:18:14','用户连续登录失败超过规定次数，账号临时锁定'),('1442055914710700033','admin','0:0:0:0:0:0:0:1','Chrome 9','Windows 10',0,'2021-09-26 17:18:17','用户连续登录失败超过规定次数，账号临时锁定'),('1442058264007479297','admin','0:0:0:0:0:0:0:1','Chrome 9','Windows 10',1,'2021-09-26 17:27:37','登录成功'),('1442059780839772161','admin','0:0:0:0:0:0:0:1','Chrome 9','Windows 10',1,'2021-09-26 17:33:39','登录成功'),('1442294485560393729','admin','0:0:0:0:0:0:0:1','Chrome 9','Windows 10',1,'2021-09-27 09:06:16','登录成功'),('1442380000821313538','admin','0:0:0:0:0:0:0:1','Chrome 9','Windows 10',1,'2021-09-27 14:46:05','登录成功'),('1443097741433864194','admin','0:0:0:0:0:0:0:1','Chrome 9','Windows 10',1,'2021-09-29 14:18:07','登录成功'),('1447845426552385538','admin','0:0:0:0:0:0:0:1','Chrome 9','Windows 10',0,'2021-10-12 16:43:44','用户名密码不正确'),('1447845431900123138','admin','0:0:0:0:0:0:0:1','Chrome 9','Windows 10',0,'2021-10-12 16:43:45','用户名密码不正确'),('1447845436392222721','admin','0:0:0:0:0:0:0:1','Chrome 9','Windows 10',0,'2021-10-12 16:43:46','用户名密码不正确'),('1447845440548777986','admin','0:0:0:0:0:0:0:1','Chrome 9','Windows 10',0,'2021-10-12 16:43:47','用户名密码不正确'),('1447845444508200961','admin','0:0:0:0:0:0:0:1','Chrome 9','Windows 10',0,'2021-10-12 16:43:48','用户名密码不正确'),('1447845449130323969','admin','0:0:0:0:0:0:0:1','Chrome 9','Windows 10',0,'2021-10-12 16:43:49','用户连续登录失败超过规定次数，账号临时锁定'),('1447845454540976129','admin','0:0:0:0:0:0:0:1','Chrome 9','Windows 10',0,'2021-10-12 16:43:51','用户连续登录失败超过规定次数，账号临时锁定'),('1447845460475916290','admin','0:0:0:0:0:0:0:1','Chrome 9','Windows 10',0,'2021-10-12 16:43:52','用户连续登录失败超过规定次数，账号临时锁定'),('1447845465563607041','admin','0:0:0:0:0:0:0:1','Chrome 9','Windows 10',0,'2021-10-12 16:43:53','用户连续登录失败超过规定次数，账号临时锁定'),('1447845471209140226','admin','0:0:0:0:0:0:0:1','Chrome 9','Windows 10',0,'2021-10-12 16:43:55','用户连续登录失败超过规定次数，账号临时锁定'),('1447845475906760705','admin','0:0:0:0:0:0:0:1','Chrome 9','Windows 10',0,'2021-10-12 16:43:56','用户连续登录失败超过规定次数，账号临时锁定'),('1447845481309024258','admin','0:0:0:0:0:0:0:1','Chrome 9','Windows 10',0,'2021-10-12 16:43:57','用户连续登录失败超过规定次数，账号临时锁定'),('1447845485411053569','admin','0:0:0:0:0:0:0:1','Chrome 9','Windows 10',0,'2021-10-12 16:43:58','用户连续登录失败超过规定次数，账号临时锁定'),('1447845489525665793','admin','0:0:0:0:0:0:0:1','Chrome 9','Windows 10',0,'2021-10-12 16:43:59','用户连续登录失败超过规定次数，账号临时锁定'),('1447845493430562818','admin','0:0:0:0:0:0:0:1','Chrome 9','Windows 10',0,'2021-10-12 16:44:00','用户连续登录失败超过规定次数，账号临时锁定'),('1447845498451144705','admin','0:0:0:0:0:0:0:1','Chrome 9','Windows 10',0,'2021-10-12 16:44:01','用户连续登录失败超过规定次数，账号临时锁定'),('1447845502804832257','admin','0:0:0:0:0:0:0:1','Chrome 9','Windows 10',0,'2021-10-12 16:44:02','用户连续登录失败超过规定次数，账号临时锁定'),('1447845507284348930','admin','0:0:0:0:0:0:0:1','Chrome 9','Windows 10',0,'2021-10-12 16:44:03','用户连续登录失败超过规定次数，账号临时锁定'),('1447845539500797954','admin','0:0:0:0:0:0:0:1','Chrome 9','Windows 10',0,'2021-10-12 16:44:11','用户连续登录失败超过规定次数，账号临时锁定'),('1447845567703298050','ceshi','0:0:0:0:0:0:0:1','Chrome 9','Windows 10',1,'2021-10-12 16:44:18','登录成功'),('1447845588741926914','admin','0:0:0:0:0:0:0:1','Chrome 9','Windows 10',0,'2021-10-12 16:44:23','用户连续登录失败超过规定次数，账号临时锁定'),('1447858579214454786','admin','0:0:0:0:0:0:0:1','Chrome 9','Windows 10',0,'2021-10-12 17:35:59','用户名密码不正确'),('1447859291608674306','admin','0:0:0:0:0:0:0:1','Chrome 9','Windows 10',0,'2021-10-12 17:38:49','用户名密码不正确'),('1447859353101365249','admin','0:0:0:0:0:0:0:1','Chrome 9','Windows 10',0,'2021-10-12 17:39:04','用户名密码不正确'),('1447859726713188353','admin','0:0:0:0:0:0:0:1','Chrome 9','Windows 10',0,'2021-10-12 17:40:33','用户名密码不正确'),('1447859804567859202','admin','0:0:0:0:0:0:0:1','Chrome 9','Windows 10',0,'2021-10-12 17:40:52','用户名密码不正确'),('1447860053956980737','admin','0:0:0:0:0:0:0:1','Chrome 9','Windows 10',0,'2021-10-12 17:41:51','用户名密码不正确'),('1447860134554726402','admin','0:0:0:0:0:0:0:1','Chrome 9','Windows 10',0,'2021-10-12 17:42:11','用户名密码不正确'),('1447860147007614977','admin','0:0:0:0:0:0:0:1','Chrome 9','Windows 10',0,'2021-10-12 17:42:14','用户名密码不正确'),('1447860158994935810','admin','0:0:0:0:0:0:0:1','Chrome 9','Windows 10',0,'2021-10-12 17:42:17','用户连续登录失败超过规定次数，账号临时锁定'),('1447860233263476738','admin','0:0:0:0:0:0:0:1','Chrome 9','Windows 10',0,'2021-10-12 17:42:34','用户连续登录失败超过规定次数，账号临时锁定'),('1447860269611315202','admin','0:0:0:0:0:0:0:1','Chrome 9','Windows 10',0,'2021-10-12 17:42:43','用户连续登录失败超过规定次数，账号临时锁定'),('1447860285356732418','admin','0:0:0:0:0:0:0:1','Chrome 9','Windows 10',0,'2021-10-12 17:42:47','用户连续登录失败超过规定次数，账号临时锁定'),('1447860292445106177','admin','0:0:0:0:0:0:0:1','Chrome 9','Windows 10',0,'2021-10-12 17:42:48','用户连续登录失败超过规定次数，账号临时锁定'),('1447860296815570946','admin','0:0:0:0:0:0:0:1','Chrome 9','Windows 10',0,'2021-10-12 17:42:49','用户连续登录失败超过规定次数，账号临时锁定'),('1447860301118926849','admin','0:0:0:0:0:0:0:1','Chrome 9','Windows 10',0,'2021-10-12 17:42:50','用户连续登录失败超过规定次数，账号临时锁定'),('1447860305359368193','admin','0:0:0:0:0:0:0:1','Chrome 9','Windows 10',0,'2021-10-12 17:42:51','用户连续登录失败超过规定次数，账号临时锁定'),('1447860309734027265','admin','0:0:0:0:0:0:0:1','Chrome 9','Windows 10',0,'2021-10-12 17:42:52','用户连续登录失败超过规定次数，账号临时锁定'),('1447860588881735681','admin','0:0:0:0:0:0:0:1','Chrome 9','Windows 10',1,'2021-10-12 17:43:59','登录成功'),('1447860674017718274','admin','0:0:0:0:0:0:0:1','Chrome 9','Windows 10',1,'2021-10-12 17:44:19','登录成功'),('1447860834114301954','admin','0:0:0:0:0:0:0:1','Chrome 9','Windows 10',0,'2021-10-12 17:44:57','用户名密码不正确'),('1447861848464781313','admin','0:0:0:0:0:0:0:1','Chrome 9','Windows 10',0,'2021-10-12 17:48:59','用户名密码不正确'),('1447863361304096770','admin','0:0:0:0:0:0:0:1','Chrome 9','Windows 10',0,'2021-10-12 17:55:00','用户名密码不正确'),('1447863410708803585','admin','0:0:0:0:0:0:0:1','Chrome 9','Windows 10',0,'2021-10-12 17:55:12','用户名密码不正确'),('1447863690204631041','admin','0:0:0:0:0:0:0:1','Chrome 9','Windows 10',0,'2021-10-12 17:56:18','用户名密码不正确'),('1447863706411421698','admin','0:0:0:0:0:0:0:1','Chrome 9','Windows 10',0,'2021-10-12 17:56:22','用户名密码不正确'),('1447863932673150977','admin','0:0:0:0:0:0:0:1','Chrome 9','Windows 10',1,'2021-10-12 17:57:16','登录成功'),('1447867645634629634','admin','0:0:0:0:0:0:0:1','Chrome 9','Windows 10',1,'2021-10-12 18:12:01','登录成功'),('1447867731596890114','admin','0:0:0:0:0:0:0:1','Chrome 9','Windows 10',1,'2021-10-12 18:12:22','登录成功'),('1447867896705667073','admin','0:0:0:0:0:0:0:1','Chrome 9','Windows 10',1,'2021-10-12 18:13:01','登录成功'),('1447875273555210241','admin','0:0:0:0:0:0:0:1','Chrome 9','Windows 10',0,'2021-10-12 18:42:20','用户名密码不正确'),('1447875471316643841','<scirpt>alert(111)</script>','0:0:0:0:0:0:0:1','Chrome 9','Windows 10',0,'2021-10-12 18:43:07','用户不存在'),('1447875594364940289','admin','0:0:0:0:0:0:0:1','Chrome 9','Windows 10',1,'2021-10-12 18:43:37','登录成功'),('1447875846283227137','admin','0:0:0:0:0:0:0:1','Chrome 9','Windows 10',1,'2021-10-12 18:44:37','登录成功'),('1447876041922342914','admin','0:0:0:0:0:0:0:1','Chrome 9','Windows 10',1,'2021-10-12 18:45:23','登录成功'),('1447876309732847618','admin','0:0:0:0:0:0:0:1','Chrome 9','Windows 10',1,'2021-10-12 18:46:27','登录成功'),('1447876368155308034','1admin','0:0:0:0:0:0:0:1','Chrome 9','Windows 10',0,'2021-10-12 18:46:41','用户不存在'),('1447876393090445314','1111','0:0:0:0:0:0:0:1','Chrome 9','Windows 10',0,'2021-10-12 18:46:47','用户不存在'),('1447876617435377665','admin','0:0:0:0:0:0:0:1','Chrome 9','Windows 10',1,'2021-10-12 18:47:41','登录成功'),('1447876647508537345','admin','0:0:0:0:0:0:0:1','Chrome 9','Windows 10',0,'2021-10-12 18:47:48','用户名密码不正确'),('1447877196186415105','admin','0:0:0:0:0:0:0:1','Chrome 9','Windows 10',0,'2021-10-12 18:49:58','用户名密码不正确'),('1447877432241844226','admin','0:0:0:0:0:0:0:1','Chrome 9','Windows 10',0,'2021-10-12 18:50:55','用户名密码不正确'),('1447877790276022273','admin','0:0:0:0:0:0:0:1','Chrome 9','Windows 10',0,'2021-10-12 18:52:20','用户名密码不正确'),('1447878058774392834','admin','0:0:0:0:0:0:0:1','Chrome 9','Windows 10',1,'2021-10-12 18:53:24','登录成功'),('1447878103808634881','admin','0:0:0:0:0:0:0:1','Chrome 9','Windows 10',0,'2021-10-12 18:53:35','用户名密码不正确'),('1447878124046151682','admin','0:0:0:0:0:0:0:1','Chrome 9','Windows 10',0,'2021-10-12 18:53:40','用户名密码不正确'),('1447878146393403393','admin','0:0:0:0:0:0:0:1','Chrome 9','Windows 10',0,'2021-10-12 18:53:45','用户名密码不正确'),('1447878716894244866','admin','0:0:0:0:0:0:0:1','Chrome 9','Windows 10',0,'2021-10-12 18:56:01','用户名密码不正确'),('1447878814843826178','admin','0:0:0:0:0:0:0:1','Chrome 9','Windows 10',0,'2021-10-12 18:56:24','用户名密码不正确'),('1447878847437762561','admin','0:0:0:0:0:0:0:1','Chrome 9','Windows 10',0,'2021-10-12 18:56:32','用户名密码不正确'),('1447879206952529921','admin','0:0:0:0:0:0:0:1','Chrome 9','Windows 10',0,'2021-10-12 18:57:58','用户名密码不正确'),('1447879244457996289','admin','0:0:0:0:0:0:0:1','Chrome 9','Windows 10',0,'2021-10-12 18:58:07','用户名密码不正确'),('1447879264892645378','admin11','0:0:0:0:0:0:0:1','Chrome 9','Windows 10',0,'2021-10-12 18:58:12','用户不存在'),('1447879339299598337','admin','0:0:0:0:0:0:0:1','Chrome 9','Windows 10',0,'2021-10-12 18:58:29','用户名密码不正确'),('1447879364515753986','admin','0:0:0:0:0:0:0:1','Chrome 9','Windows 10',1,'2021-10-12 18:58:35','登录成功'),('1447879383599837186','admin','0:0:0:0:0:0:0:1','Chrome 9','Windows 10',1,'2021-10-12 18:58:40','登录成功'),('1447879406035169282','admin','0:0:0:0:0:0:0:1','Chrome 9','Windows 10',1,'2021-10-12 18:58:45','登录成功'),('1447879558883995649','admin','0:0:0:0:0:0:0:1','Chrome 9','Windows 10',1,'2021-10-12 18:59:22','登录成功'),('1447880334448599042','admin','0:0:0:0:0:0:0:1','Chrome 9','Windows 10',1,'2021-10-12 19:02:26','登录成功'),('1447887262096650242','admin','0:0:0:0:0:0:0:1','Chrome 9','Windows 10',1,'2021-10-12 19:29:58','登录成功'),('1447889822899572737','admin','127.0.0.1','Chrome 9','Windows 10',1,'2021-10-12 19:40:09','登录成功'),('1448083879575715841','admin','0:0:0:0:0:0:0:1','Chrome 9','Windows 10',0,'2021-10-13 08:31:15','用户名密码不正确'),('1448083905467154434','admin','0:0:0:0:0:0:0:1','Chrome 9','Windows 10',1,'2021-10-13 08:31:22','登录成功'),('1448084287262064641','admin','0:0:0:0:0:0:0:1','Chrome 9','Windows 10',1,'2021-10-13 08:32:53','登录成功'),('1448084411073724417','admin111111111111111111111111111111111111','0:0:0:0:0:0:0:1','Chrome 9','Windows 10',0,'2021-10-13 08:33:22','用户不存在'),('1448084470381182977','admin','0:0:0:0:0:0:0:1','Chrome 9','Windows 10',0,'2021-10-13 08:33:37','用户名密码不正确'),('1448084491361091585','admin','0:0:0:0:0:0:0:1','Chrome 9','Windows 10',1,'2021-10-13 08:33:42','登录成功'),('1448086373995413506','admin','0:0:0:0:0:0:0:1','Chrome 9','Windows 10',1,'2021-10-13 08:41:10','登录成功'),('1448086678740959233','admin001','0:0:0:0:0:0:0:1','Chrome 9','Windows 10',0,'2021-10-13 08:42:23','用户名密码不正确'),('1448086725662638082','admin001','0:0:0:0:0:0:0:1','Chrome 9','Windows 10',0,'2021-10-13 08:42:34','用户名密码不正确'),('1448086764082462722','admin001','0:0:0:0:0:0:0:1','Chrome 9','Windows 10',1,'2021-10-13 08:42:43','登录成功'),('1448087131704819714','admin','0:0:0:0:0:0:0:1','Chrome 9','Windows 10',1,'2021-10-13 08:44:11','登录成功'),('1448089179980595201','admin','0:0:0:0:0:0:0:1','Chrome 9','Windows 10',1,'2021-10-13 08:52:19','登录成功'),('1448089520339976194','admin','0:0:0:0:0:0:0:1','Chrome 9','Windows 10',1,'2021-10-13 08:53:41','登录成功'),('1448089765689982978','admin001','0:0:0:0:0:0:0:1','Chrome 9','Windows 10',0,'2021-10-13 08:54:39','用户名密码不正确'),('1448089800624340993','admin001','0:0:0:0:0:0:0:1','Chrome 9','Windows 10',1,'2021-10-13 08:54:47','登录成功'),('1448090224878190594','admin','127.0.0.1','Chrome 9','Windows 10',0,'2021-10-13 08:56:28','用户名密码不正确'),('1448090247879753730','admin','127.0.0.1','Chrome 9','Windows 10',1,'2021-10-13 08:56:34','登录成功'),('1448090271812452354','admin','127.0.0.1','Chrome 9','Windows 10',0,'2021-10-13 08:56:40','用户名密码不正确'),('1448090283694915585','admin','127.0.0.1','Chrome 9','Windows 10',1,'2021-10-13 08:56:43','登录成功'),('1448090311280852994','admin','127.0.0.1','Chrome 9','Windows 10',0,'2021-10-13 08:56:49','用户名密码不正确'),('1448090322680971265','admin','127.0.0.1','Chrome 9','Windows 10',0,'2021-10-13 08:56:52','用户名密码不正确'),('1448090335838502914','admin','127.0.0.1','Chrome 9','Windows 10',0,'2021-10-13 08:56:55','用户名密码不正确'),('1448090347288952834','admin','127.0.0.1','Chrome 9','Windows 10',0,'2021-10-13 08:56:58','用户名密码不正确'),('1448090359448240130','admin','127.0.0.1','Chrome 9','Windows 10',0,'2021-10-13 08:57:01','用户名密码不正确'),('1448090372626743297','admin','127.0.0.1','Chrome 9','Windows 10',0,'2021-10-13 08:57:04','用户连续登录失败超过规定次数，账号临时锁定'),('1448090421272281090','admin','127.0.0.1','Chrome 9','Windows 10',0,'2021-10-13 08:57:15','用户连续登录失败超过规定次数，账号临时锁定'),('1448090467149578242','admin','127.0.0.1','Chrome 9','Windows 10',0,'2021-10-13 08:57:26','用户连续登录失败超过规定次数，账号临时锁定'),('1448095764450758657','admin','0:0:0:0:0:0:0:1','Chrome 9','Windows 10',1,'2021-10-13 09:18:29','登录成功'),('1448095823418478594','admin001','0:0:0:0:0:0:0:1','Chrome 9','Windows 10',1,'2021-10-13 09:18:43','登录成功'),('1448096191800004610','admin001','0:0:0:0:0:0:0:1','Chrome 9','Windows 10',1,'2021-10-13 09:20:11','登录成功'),('1448096221218852866','admin001','0:0:0:0:0:0:0:1','Chrome 9','Windows 10',0,'2021-10-13 09:20:18','用户名密码不正确'),('1448096355520466946','admin001','0:0:0:0:0:0:0:1','Chrome 9','Windows 10',1,'2021-10-13 09:20:50','登录成功'),('1448098292143869953','admin','0:0:0:0:0:0:0:1','Chrome 9','Windows 10',1,'2021-10-13 09:28:32','登录成功'),('1448098663402688513','admin001','0:0:0:0:0:0:0:1','Chrome 9','Windows 10',0,'2021-10-13 09:30:00','用户名密码不正确'),('1448098710135623681','admin002','0:0:0:0:0:0:0:1','Chrome 9','Windows 10',1,'2021-10-13 09:30:12','登录成功'),('1448099031469641729','admin','0:0:0:0:0:0:0:1','Chrome 9','Windows 10',1,'2021-10-13 09:31:28','登录成功'),('1448099225653334018','admin001','0:0:0:0:0:0:0:1','Chrome 9','Windows 10',0,'2021-10-13 09:32:14','用户名密码不正确'),('1448099238240440321','admin','0:0:0:0:0:0:0:1','Chrome 9','Windows 10',1,'2021-10-13 09:32:17','登录成功'),('1448099468797136898','admin003','0:0:0:0:0:0:0:1','Chrome 9','Windows 10',1,'2021-10-13 09:33:12','登录成功'),('1448099525793533954','admin003','0:0:0:0:0:0:0:1','Chrome 9','Windows 10',0,'2021-10-13 09:33:26','用户名密码不正确'),('1448099558580408321','admin003','0:0:0:0:0:0:0:1','Chrome 9','Windows 10',0,'2021-10-13 09:33:34','用户名密码不正确'),('1448099592285835266','admin003','0:0:0:0:0:0:0:1','Chrome 9','Windows 10',1,'2021-10-13 09:33:42','登录成功'),('1448111045910843393','admin003','0:0:0:0:0:0:0:1','Chrome 9','Windows 10',0,'2021-10-13 10:19:13','用户名密码不正确'),('1448111079876317185','admin003','0:0:0:0:0:0:0:1','Chrome 9','Windows 10',0,'2021-10-13 10:19:21','用户名密码不正确'),('1448116745823092738','ceshi','0:0:0:0:0:0:0:1','Chrome 9','Windows 10',1,'2021-10-13 10:41:51','登录成功'),('1448116767155322882','ceshi','0:0:0:0:0:0:0:1','Chrome 9','Windows 10',0,'2021-10-13 10:41:57','用户名密码不正确'),('1448130473603973122','admin','0:0:0:0:0:0:0:1','Chrome 9','Windows 10',1,'2021-10-13 11:36:24','登录成功'),('1448130494680350722','admin','0:0:0:0:0:0:0:1','Chrome 9','Windows 10',0,'2021-10-13 11:36:30','用户名密码不正确'),('1448132058472071169','admin','0:0:0:0:0:0:0:1','Chrome 9','Windows 10',1,'2021-10-13 11:42:42','登录成功'),('1448133392554348546','admin','0:0:0:0:0:0:0:1','Chrome 9','Windows 10',1,'2021-10-13 11:48:00','登录成功'),('1448134355197456386','ceshi','0:0:0:0:0:0:0:1','Chrome 9','Windows 10',0,'2021-10-13 11:51:50','用户名密码不正确'),('1448134575700406273','ceshi','0:0:0:0:0:0:0:1','Chrome 9','Windows 10',0,'2021-10-13 11:52:43','用户名密码不正确'),('1448166601870643202','something else','0:0:0:0:0:0:0:1','Chrome 9','Windows 10',0,'2021-10-13 13:59:58','用户不存在'),('1448166663937953794','something else','0:0:0:0:0:0:0:1','Chrome 9','Windows 10',0,'2021-10-13 14:00:13','用户不存在'),('1448167506523295745','ceshi','0:0:0:0:0:0:0:1','Chrome 9','Windows 10',1,'2021-10-13 14:03:34','登录成功'),('1448167536227356673','ceshi','0:0:0:0:0:0:0:1','Chrome 9','Windows 10',0,'2021-10-13 14:03:41','用户名密码不正确'),('1448167575918055425','ceshi','0:0:0:0:0:0:0:1','Chrome 9','Windows 10',0,'2021-10-13 14:03:50','用户名密码不正确'),('1448167589906059265','ceshi','0:0:0:0:0:0:0:1','Chrome 9','Windows 10',0,'2021-10-13 14:03:54','用户名密码不正确'),('1448167611624165377','ceshi','0:0:0:0:0:0:0:1','Chrome 9','Windows 10',1,'2021-10-13 14:03:59','登录成功'),('1448167701680066561','ceshi','0:0:0:0:0:0:0:1','Chrome 9','Windows 10',0,'2021-10-13 14:04:20','用户名密码不正确'),('1448167741844721665','ceshi','0:0:0:0:0:0:0:1','Chrome 9','Windows 10',1,'2021-10-13 14:04:30','登录成功'),('1448170704084520961','ceshi','127.0.0.1','Chrome 9','Windows 10',1,'2021-10-13 14:16:16','登录成功'),('1448174665797586945','ceshi','0:0:0:0:0:0:0:1','Chrome 9','Windows 10',1,'2021-10-13 14:32:01','登录成功'),('1448178382076760065','ceshi','0:0:0:0:0:0:0:1','Chrome 9','Windows 10',1,'2021-10-13 14:46:47','登录成功'),('1448178956830625794','ceshi','0:0:0:0:0:0:0:1','Chrome 9','Windows 10',1,'2021-10-13 14:49:03','登录成功'),('1448179237987405825','ceshi','0:0:0:0:0:0:0:1','Chrome 9','Windows 10',1,'2021-10-13 14:50:11','登录成功'),('1448184852130373634','ceshi','0:0:0:0:0:0:0:1','Chrome 9','Windows 10',0,'2021-10-13 15:12:28','用户名密码不正确'),('1448189080882126849','ceshi','0:0:0:0:0:0:0:1','Chrome 9','Windows 10',1,'2021-10-13 15:29:16','登录成功'),('1448189236163649538','admin','0:0:0:0:0:0:0:1','Chrome 9','Windows 10',1,'2021-10-13 15:29:55','登录成功'),('1448189406213316610','admin','127.0.0.1','Chrome 9','Windows 10',1,'2021-10-13 15:30:35','登录成功'),('1448190324908498945','admin','0:0:0:0:0:0:0:1','Chrome 9','Windows 10',1,'2021-10-13 15:34:14','登录成功'),('1448191347907633154','admin','0:0:0:0:0:0:0:1','Chrome 9','Windows 10',0,'2021-10-13 15:38:18','用户名密码不正确'),('1448191364546437122','admin','0:0:0:0:0:0:0:1','Chrome 9','Windows 10',0,'2021-10-13 15:38:22','用户名密码不正确'),('1448191372364619777','admin','0:0:0:0:0:0:0:1','Chrome 9','Windows 10',0,'2021-10-13 15:38:24','用户名密码不正确'),('1448191376470843393','admin','0:0:0:0:0:0:0:1','Chrome 9','Windows 10',0,'2021-10-13 15:38:25','用户名密码不正确'),('1448191380891639809','admin','0:0:0:0:0:0:0:1','Chrome 9','Windows 10',0,'2021-10-13 15:38:26','用户名密码不正确'),('1448191388701433858','admin','0:0:0:0:0:0:0:1','Chrome 9','Windows 10',0,'2021-10-13 15:38:28','用户连续登录失败超过规定次数，账号临时锁定'),('1448191401863159809','admin','0:0:0:0:0:0:0:1','Chrome 9','Windows 10',0,'2021-10-13 15:38:31','用户连续登录失败超过规定次数，账号临时锁定'),('1448191420410372097','admin','0:0:0:0:0:0:0:1','Chrome 9','Windows 10',0,'2021-10-13 15:38:35','用户连续登录失败超过规定次数，账号临时锁定'),('1448192978783051778','admin','0:0:0:0:0:0:0:1','Chrome 9','Windows 10',1,'2021-10-13 15:44:47','登录成功'),('1448195159565279233','ceshi','0:0:0:0:0:0:0:1','Chrome 9','Windows 10',1,'2021-10-13 15:53:27','登录成功'),('1448195571374628865','ceshi','0:0:0:0:0:0:0:1','Chrome 9','Windows 10',0,'2021-10-13 15:55:05','用户名密码不正确'),('1448195758163763202','ceshi','0:0:0:0:0:0:0:1','Chrome 9','Windows 10',1,'2021-10-13 15:55:50','登录成功'),('1448196518456860673','ceshi','127.0.0.1','Chrome 9','Windows 10',1,'2021-10-13 15:58:51','登录成功'),('1448196734799138818','ceshi','0:0:0:0:0:0:0:1','Chrome 9','Windows 10',1,'2021-10-13 15:59:41','登录成功'),('1448197953433194497','ceshi','0:0:0:0:0:0:0:1','Chrome 9','Windows 10',0,'2021-10-13 16:04:33','用户名密码不正确'),('1448197981669249025','ceshi','0:0:0:0:0:0:0:1','Chrome 9','Windows 10',1,'2021-10-13 16:04:40','登录成功'),('1448198562152501250','ceshi','0:0:0:0:0:0:0:1','Chrome 9','Windows 10',0,'2021-10-13 16:06:57','用户名密码不正确'),('1448198583769944066','ceshi','0:0:0:0:0:0:0:1','Chrome 9','Windows 10',1,'2021-10-13 16:07:03','登录成功'),('1448198777269964801','ceshi','0:0:0:0:0:0:0:1','Chrome 9','Windows 10',0,'2021-10-13 16:07:49','用户名密码不正确'),('1448198813735243778','ceshi','0:0:0:0:0:0:0:1','Chrome 9','Windows 10',1,'2021-10-13 16:07:58','登录成功'),('1448198851324596225','admin','0:0:0:0:0:0:0:1','Chrome 9','Windows 10',1,'2021-10-13 16:08:07','登录成功'),('1448199126361886721','ceshi','0:0:0:0:0:0:0:1','Chrome 9','Windows 10',0,'2021-10-13 16:09:13','用户名密码不正确'),('1448199148025466881','ceshi','0:0:0:0:0:0:0:1','Chrome 9','Windows 10',1,'2021-10-13 16:09:18','登录成功'),('1448206157454036993','admin','0:0:0:0:0:0:0:1','Chrome 9','Windows 10',1,'2021-10-13 16:37:09','登录成功'),('1448206182133321730','ceshi','0:0:0:0:0:0:0:1','Chrome 9','Windows 10',0,'2021-10-13 16:37:15','用户名密码不正确'),('1448206195521540097','admin','0:0:0:0:0:0:0:1','Chrome 9','Windows 10',1,'2021-10-13 16:37:18','登录成功'),('1448206230590115842','ceshi','0:0:0:0:0:0:0:1','Chrome 9','Windows 10',1,'2021-10-13 16:37:26','登录成功'),('1448206666311192578','ceshi','0:0:0:0:0:0:0:1','Chrome 9','Windows 10',1,'2021-10-13 16:39:10','登录成功'),('1448207220080955393','ceshi','0:0:0:0:0:0:0:1','Chrome 9','Windows 10',1,'2021-10-13 16:41:22','登录成功'),('1448207355552780290','ceshi','0:0:0:0:0:0:0:1','Chrome 9','Windows 10',1,'2021-10-13 16:41:55','登录成功'),('1448210109042053121','ceshi','0:0:0:0:0:0:0:1','Chrome 9','Windows 10',1,'2021-10-13 16:52:51','登录成功'),('1448210197265043457','ceshi','0:0:0:0:0:0:0:1','Chrome 9','Windows 10',1,'2021-10-13 16:53:12','登录成功'),('1448210379138453506','ceshi','0:0:0:0:0:0:0:1','Chrome 9','Windows 10',1,'2021-10-13 16:53:55','登录成功'),('1448210618687737857','ceshi','0:0:0:0:0:0:0:1','Chrome 9','Windows 10',1,'2021-10-13 16:54:53','登录成功');

/*Table structure for table `sys_operate_log` */

DROP TABLE IF EXISTS `sys_operate_log`;

CREATE TABLE `sys_operate_log` (
  `id` varchar(100) NOT NULL COMMENT '主键',
  `name` varchar(200) DEFAULT NULL COMMENT '模块名称',
  `type` int DEFAULT '0' COMMENT '业务类型0其他1新增2修改3删除',
  `method` varchar(100) DEFAULT NULL COMMENT '方法名称',
  `request_type` varchar(100) DEFAULT NULL COMMENT '请求类型',
  `oper_type` int DEFAULT '0' COMMENT '操作类型0其他1后台2移动端',
  `oper_user_id` varchar(100) DEFAULT NULL COMMENT '操作用户id',
  `oper_user_name` varchar(100) DEFAULT NULL COMMENT '操作用户名称',
  `oper_user_account` varchar(100) DEFAULT NULL COMMENT '操作用户账号',
  `oper_time` datetime DEFAULT NULL COMMENT '操作时间',
  `oper_url` varchar(255) DEFAULT NULL COMMENT '请求url',
  `oper_ip` varchar(50) DEFAULT NULL COMMENT '操作ip',
  `oper_location` varchar(255) DEFAULT NULL COMMENT '操作地点',
  `oper_param` varchar(2000) DEFAULT NULL COMMENT '请求参数',
  `result_param` varchar(2000) DEFAULT NULL COMMENT '返回参数',
  `state` int DEFAULT '0' COMMENT '操作状态0正常1异常',
  `error_msg` varchar(2000) DEFAULT NULL COMMENT '错误消息',
  PRIMARY KEY (`id`)
) ENGINE=InnoDB DEFAULT CHARSET=utf8mb3 CHECKSUM=1 DELAY_KEY_WRITE=1 ROW_FORMAT=DYNAMIC;

/*Data for the table `sys_operate_log` */

insert  into `sys_operate_log`(`id`,`name`,`type`,`method`,`request_type`,`oper_type`,`oper_user_id`,`oper_user_name`,`oper_user_account`,`oper_time`,`oper_url`,`oper_ip`,`oper_location`,`oper_param`,`result_param`,`state`,`error_msg`) values ('1435493401227501570','用户信息修改',2,'com.basic.controller.system.user.UserController.doUpdate()','POST',1,'1242327057416970241','超级管理员','admin','2021-09-08 14:41:12','/user/update','0:0:0:0:0:0:0:1','内网IP','{\r\n  \"id\" : [ \"1435083582674939906\" ],\r\n  \"nickname\" : [ \"测试\" ],\r\n  \"mobile\" : [ \"\" ],\r\n  \"email\" : [ \"\" ],\r\n  \"remark\" : [ \"\" ]\r\n}','{\r\n  \"success\" : true,\r\n  \"message\" : \"信息修改成功\",\r\n  \"code\" : 1000\r\n}',0,NULL),('1435508224937979906','用户信息修改',2,'com.basic.controller.system.user.UserController.doUpdate()','POST',1,'1242327057416970241','超级管理员','admin','2021-09-08 15:40:06','/user/update','127.0.0.1','内网IP','{\r\n  \"id\" : [ \"1435083582674939906\" ],\r\n  \"nickname\" : [ \"测试\" ],\r\n  \"mobile\" : [ \"18989898899\" ],\r\n  \"email\" : [ \"189@163.com\" ],\r\n  \"remark\" : [ \"测试用户\" ]\r\n}','{\r\n  \"success\" : true,\r\n  \"message\" : \"信息修改成功\",\r\n  \"code\" : 1000\r\n}',0,NULL),('1447867594409594881','用户重置密码',2,'com.basic.controller.system.user.UserController.resetPassword()','POST',1,'1242327057416970241','超级管理员','admin','2021-10-12 18:11:49','/user/resetPassword','0:0:0:0:0:0:0:1','内网IP','{\r\n  \"oldPassword\" : [ \"admin\" ],\r\n  \"newPassword\" : [ \"用户姓名\" ]\r\n}','{\r\n  \"success\" : false,\r\n  \"message\" : \"新密码长度不能少于5位\",\r\n  \"code\" : 1001\r\n}',0,NULL),('1447867615288840194','用户重置密码',2,'com.basic.controller.system.user.UserController.resetPassword()','POST',1,'1242327057416970241','超级管理员','admin','2021-10-12 18:11:54','/user/resetPassword','0:0:0:0:0:0:0:1','内网IP','{\r\n  \"oldPassword\" : [ \"admin\" ],\r\n  \"newPassword\" : [ \"用户姓名123\" ]\r\n}','{\r\n  \"success\" : true,\r\n  \"message\" : \"密码重置成功\",\r\n  \"code\" : 1000\r\n}',0,NULL),('1447867717462085634','用户重置密码',2,'com.basic.controller.system.user.UserController.resetPassword()','POST',1,'1242327057416970241','超级管理员','admin','2021-10-12 18:12:19','/user/resetPassword','0:0:0:0:0:0:0:1','内网IP','{\r\n  \"oldPassword\" : [ \"用户姓名123\" ],\r\n  \"newPassword\" : [ \"admin\" ]\r\n}','{\r\n  \"success\" : true,\r\n  \"message\" : \"密码重置成功\",\r\n  \"code\" : 1000\r\n}',0,NULL),('1447887393395142658','新增用户',1,'com.basic.controller.system.user.UserController.doAdd()','POST',1,'1242327057416970241','超级管理员','admin','2021-10-12 19:30:30','/user/add','0:0:0:0:0:0:0:1','内网IP','{\r\n  \"username\" : [ \"adminadmin\" ],\r\n  \"password\" : [ \"adminadmin\" ],\r\n  \"confirmPassword\" : [ \"adminadmin\" ],\r\n  \"nickname\" : [ \"我是大帅哥\" ],\r\n  \"mobile\" : [ \"\" ],\r\n  \"email\" : [ \"\" ],\r\n  \"remark\" : [ \"\" ]\r\n}','{\r\n  \"success\" : false,\r\n  \"message\" : \"密码必须由大写字母、小写字母和数字组成，且位数需要6-20位\",\r\n  \"code\" : 1001\r\n}',0,NULL),('1448084715362091009','新增用户',1,'com.basic.controller.system.user.UserController.doAdd()','POST',1,'1242327057416970241','超级管理员','admin','2021-10-13 08:34:35','/user/add','0:0:0:0:0:0:0:1','内网IP','{\r\n  \"username\" : [ \"李00001\" ],\r\n  \"password\" : [ \"administrator\" ],\r\n  \"confirmPassword\" : [ \"administrator\" ],\r\n  \"nickname\" : [ \"我是大帅哥\" ],\r\n  \"mobile\" : [ \"\" ],\r\n  \"email\" : [ \"\" ],\r\n  \"remark\" : [ \"\" ]\r\n}','{\r\n  \"success\" : false,\r\n  \"message\" : \"密码必须由大写字母、小写字母和数字组成，且位数需要6-20位\",\r\n  \"code\" : 1001\r\n}',0,NULL),('1448084773771968514','新增用户',1,'com.basic.controller.system.user.UserController.doAdd()','POST',1,'1242327057416970241','超级管理员','admin','2021-10-13 08:34:49','/user/add','0:0:0:0:0:0:0:1','内网IP','{\r\n  \"username\" : [ \"李00001\" ],\r\n  \"password\" : [ \"administrator123\" ],\r\n  \"confirmPassword\" : [ \"administrator123\" ],\r\n  \"nickname\" : [ \"我是大帅哥\" ],\r\n  \"mobile\" : [ \"\" ],\r\n  \"email\" : [ \"\" ],\r\n  \"remark\" : [ \"\" ]\r\n}','{\r\n  \"success\" : true,\r\n  \"message\" : \"操作成功！\",\r\n  \"code\" : 1000\r\n}',0,NULL),('1448085022091542530','新增用户',1,'com.basic.controller.system.user.UserController.doAdd()','POST',1,'1242327057416970241','超级管理员','admin','2021-10-13 08:35:48','/user/add','0:0:0:0:0:0:0:1','内网IP','{\r\n  \"username\" : [ \"李00002\" ],\r\n  \"password\" : [ \"aaaaaa123\" ],\r\n  \"confirmPassword\" : [ \"aaaaaa123\" ],\r\n  \"nickname\" : [ \"我是大帅哥00002\" ],\r\n  \"mobile\" : [ \"\" ],\r\n  \"email\" : [ \"\" ],\r\n  \"remark\" : [ \"\" ]\r\n}','{\r\n  \"success\" : true,\r\n  \"message\" : \"操作成功！\",\r\n  \"code\" : 1000\r\n}',0,NULL),('1448086536021377025','新增用户',1,'com.basic.controller.system.user.UserController.doAdd()','POST',1,'1242327057416970241','超级管理员','admin','2021-10-13 08:41:49','/user/add','0:0:0:0:0:0:0:1','内网IP','{\r\n  \"username\" : [ \"admin001\" ],\r\n  \"password\" : [ \"admin001\" ],\r\n  \"confirmPassword\" : [ \"admin001\" ],\r\n  \"nickname\" : [ \"测试管理员001\" ],\r\n  \"mobile\" : [ \"\" ],\r\n  \"email\" : [ \"\" ],\r\n  \"remark\" : [ \"\" ]\r\n}','{\r\n  \"success\" : false,\r\n  \"message\" : \"密码必须由大写字母、小写字母和数字组成，且位数需要6-20位\",\r\n  \"code\" : 1001\r\n}',0,NULL),('1448086638379171841','新增用户',1,'com.basic.controller.system.user.UserController.doAdd()','POST',1,'1242327057416970241','超级管理员','admin','2021-10-13 08:42:13','/user/add','0:0:0:0:0:0:0:1','内网IP','{\r\n  \"username\" : [ \"admin001\" ],\r\n  \"password\" : [ \"Admin001\" ],\r\n  \"confirmPassword\" : [ \"Admin001\" ],\r\n  \"nickname\" : [ \"测试管理员001\" ],\r\n  \"mobile\" : [ \"\" ],\r\n  \"email\" : [ \"\" ],\r\n  \"remark\" : [ \"\" ]\r\n}','{\r\n  \"success\" : true,\r\n  \"message\" : \"操作成功！\",\r\n  \"code\" : 1000\r\n}',0,NULL),('1448087340065259522','新增用户',1,'com.basic.controller.system.user.UserController.doAdd()','POST',1,'1242327057416970241','超级管理员','admin','2021-10-13 08:45:01','/user/add','0:0:0:0:0:0:0:1','内网IP','{\r\n  \"username\" : [ \"admin002\" ],\r\n  \"password\" : [ \"admin002\" ],\r\n  \"confirmPassword\" : [ \"admin002\" ],\r\n  \"nickname\" : [ \"测试管理员002\" ],\r\n  \"mobile\" : [ \"\" ],\r\n  \"email\" : [ \"\" ],\r\n  \"remark\" : [ \"\" ]\r\n}','{\r\n  \"success\" : false,\r\n  \"message\" : \"密码必须由大写字母、小写字母和数字组成，且位数需要6-20位\",\r\n  \"code\" : 1001\r\n}',0,NULL),('1448087476531134466','新增用户',1,'com.basic.controller.system.user.UserController.doAdd()','POST',1,'1242327057416970241','超级管理员','admin','2021-10-13 08:45:33','/user/add','0:0:0:0:0:0:0:1','内网IP','{\r\n  \"username\" : [ \"admin002\" ],\r\n  \"password\" : [ \"Admin002@\" ],\r\n  \"confirmPassword\" : [ \"Admin002@\" ],\r\n  \"nickname\" : [ \"测试管理员002\" ],\r\n  \"mobile\" : [ \"\" ],\r\n  \"email\" : [ \"\" ],\r\n  \"remark\" : [ \"\" ]\r\n}','{\r\n  \"success\" : false,\r\n  \"message\" : \"密码必须由大写字母、小写字母和数字组成，且位数需要6-20位\",\r\n  \"code\" : 1001\r\n}',0,NULL),('1448087501856342018','新增用户',1,'com.basic.controller.system.user.UserController.doAdd()','POST',1,'1242327057416970241','超级管理员','admin','2021-10-13 08:45:39','/user/add','0:0:0:0:0:0:0:1','内网IP','{\r\n  \"username\" : [ \"admin002\" ],\r\n  \"password\" : [ \"Admin002\" ],\r\n  \"confirmPassword\" : [ \"Admin002\" ],\r\n  \"nickname\" : [ \"测试管理员002\" ],\r\n  \"mobile\" : [ \"\" ],\r\n  \"email\" : [ \"\" ],\r\n  \"remark\" : [ \"\" ]\r\n}','{\r\n  \"success\" : true,\r\n  \"message\" : \"操作成功！\",\r\n  \"code\" : 1000\r\n}',0,NULL),('1448089232661053442','用户修改密码',2,'com.basic.controller.system.user.UserController.resetPassword()','POST',1,'1242327057416970241','超级管理员','admin','2021-10-13 08:52:32','/user/resetPassword','0:0:0:0:0:0:0:1','内网IP','{\r\n  \"oldPassword\" : [ \"admin\" ],\r\n  \"newPassword\" : [ \"admin001\" ]\r\n}','{\r\n  \"success\" : false,\r\n  \"message\" : \"用户账号需要6-20位\",\r\n  \"code\" : 1001\r\n}',0,NULL),('1448089591873830913','用户修改密码',2,'com.basic.controller.system.user.UserController.resetPassword()','POST',1,'1242327057416970241','超级管理员','admin','2021-10-13 08:53:58','/user/resetPassword','0:0:0:0:0:0:0:1','内网IP','{\r\n  \"oldPassword\" : [ \"admin\" ],\r\n  \"newPassword\" : [ \"admin001\" ]\r\n}','{\r\n  \"success\" : false,\r\n  \"message\" : \"密码必须由大写字母、小写字母和数字组成，且位数需要2-20位\",\r\n  \"code\" : 1001\r\n}',0,NULL),('1448089862557433858','用户修改密码',2,'com.basic.controller.system.user.UserController.resetPassword()','POST',1,'1448086638249148417','测试管理员001','admin001','2021-10-13 08:55:02','/user/resetPassword','0:0:0:0:0:0:0:1','内网IP','{\r\n  \"oldPassword\" : [ \"admin001\" ],\r\n  \"newPassword\" : [ \"admin001\" ]\r\n}','{\r\n  \"success\" : false,\r\n  \"message\" : \"原密码不正确\",\r\n  \"code\" : 1001\r\n}',0,NULL),('1448089894132154369','用户修改密码',2,'com.basic.controller.system.user.UserController.resetPassword()','POST',1,'1448086638249148417','测试管理员001','admin001','2021-10-13 08:55:10','/user/resetPassword','0:0:0:0:0:0:0:1','内网IP','{\r\n  \"oldPassword\" : [ \"Admin001\" ],\r\n  \"newPassword\" : [ \"admin001\" ]\r\n}','{\r\n  \"success\" : false,\r\n  \"message\" : \"密码必须由大写字母、小写字母和数字组成，且位数需要2-20位\",\r\n  \"code\" : 1001\r\n}',0,NULL),('1448089935504769026','用户修改密码',2,'com.basic.controller.system.user.UserController.resetPassword()','POST',1,'1448086638249148417','测试管理员001','admin001','2021-10-13 08:55:19','/user/resetPassword','0:0:0:0:0:0:0:1','内网IP','{\r\n  \"oldPassword\" : [ \"Admin001\" ],\r\n  \"newPassword\" : [ \"Admin001\" ]\r\n}','{\r\n  \"success\" : true,\r\n  \"message\" : \"密码修改成功\",\r\n  \"code\" : 1000\r\n}',0,NULL),('1448096099743420417','用户修改密码',2,'com.basic.controller.system.user.UserController.changePassword()','POST',1,'1448086638249148417','测试管理员001','admin001','2021-10-13 09:19:49','/user/changePassword','0:0:0:0:0:0:0:1','内网IP','{\r\n  \"oldPassword\" : [ \"admin001\" ],\r\n  \"newPassword\" : [ \"ADMIN001\" ]\r\n}','{\r\n  \"success\" : false,\r\n  \"message\" : \"原密码不正确\",\r\n  \"code\" : 1001\r\n}',0,NULL),('1448096125437726721','用户修改密码',2,'com.basic.controller.system.user.UserController.changePassword()','POST',1,'1448086638249148417','测试管理员001','admin001','2021-10-13 09:19:55','/user/changePassword','0:0:0:0:0:0:0:1','内网IP','{\r\n  \"oldPassword\" : [ \"Admin001\" ],\r\n  \"newPassword\" : [ \"ADMIN001\" ]\r\n}','{\r\n  \"success\" : false,\r\n  \"message\" : \"密码必须由大写字母、小写字母和数字组成，且位数需要2-20位\",\r\n  \"code\" : 1001\r\n}',0,NULL),('1448096151257862146','用户修改密码',2,'com.basic.controller.system.user.UserController.changePassword()','POST',1,'1448086638249148417','测试管理员001','admin001','2021-10-13 09:20:01','/user/changePassword','0:0:0:0:0:0:0:1','内网IP','{\r\n  \"oldPassword\" : [ \"Admin001\" ],\r\n  \"newPassword\" : [ \"Admin001\" ]\r\n}','{\r\n  \"success\" : true,\r\n  \"message\" : \"密码修改成功\",\r\n  \"code\" : 1000\r\n}',0,NULL),('1448099374827950082','新增用户',1,'com.basic.controller.system.user.UserController.doAdd()','POST',1,'1242327057416970241','超级管理员','admin','2021-10-13 09:32:50','/user/add','0:0:0:0:0:0:0:1','内网IP','{\r\n  \"username\" : [ \"admin003\" ],\r\n  \"password\" : [ \"admin003\" ],\r\n  \"confirmPassword\" : [ \"admin003\" ],\r\n  \"nickname\" : [ \"测试管理员3\" ],\r\n  \"mobile\" : [ \"\" ],\r\n  \"email\" : [ \"\" ],\r\n  \"remark\" : [ \"\" ]\r\n}','{\r\n  \"success\" : false,\r\n  \"message\" : \"密码必须由大写字母、小写字母和数字组成，且位数需要2-20位\",\r\n  \"code\" : 1001\r\n}',0,NULL),('1448099431883067394','新增用户',1,'com.basic.controller.system.user.UserController.doAdd()','POST',1,'1242327057416970241','超级管理员','admin','2021-10-13 09:33:04','/user/add','0:0:0:0:0:0:0:1','内网IP','{\r\n  \"username\" : [ \"admin003\" ],\r\n  \"password\" : [ \"Admin003\" ],\r\n  \"confirmPassword\" : [ \"Admin003\" ],\r\n  \"nickname\" : [ \"测试管理员3\" ],\r\n  \"mobile\" : [ \"\" ],\r\n  \"email\" : [ \"\" ],\r\n  \"remark\" : [ \"\" ]\r\n}','{\r\n  \"success\" : true,\r\n  \"message\" : \"操作成功！\",\r\n  \"code\" : 1000\r\n}',0,NULL),('1448174474281472001','用户修改密码',2,'com.basic.controller.system.user.UserController.changePassword()','POST',1,'1435083582674939906','测试','ceshi','2021-10-13 14:31:15','/user/changePassword','127.0.0.1','内网IP','{\r\n  \"oldPassword\" : [ \"admin\" ],\r\n  \"newPassword\" : [ \"adminadmi\" ]\r\n}','{\r\n  \"success\" : false,\r\n  \"message\" : \"密码必须由大写字母、小写字母和数字组成，且位数需要2-20位\",\r\n  \"code\" : 1001\r\n}',0,NULL),('1448174537523187713','用户修改密码',2,'com.basic.controller.system.user.UserController.changePassword()','POST',1,'1435083582674939906','测试','ceshi','2021-10-13 14:31:30','/user/changePassword','127.0.0.1','内网IP','{\r\n  \"oldPassword\" : [ \"12345678\" ],\r\n  \"newPassword\" : [ \"12345678\" ]\r\n}','{\r\n  \"success\" : false,\r\n  \"message\" : \"原密码不正确\",\r\n  \"code\" : 1001\r\n}',0,NULL),('1448174587548651522','用户修改密码',2,'com.basic.controller.system.user.UserController.changePassword()','POST',1,'1435083582674939906','测试','ceshi','2021-10-13 14:31:42','/user/changePassword','127.0.0.1','内网IP','{\r\n  \"oldPassword\" : [ \"Admin001\" ],\r\n  \"newPassword\" : [ \"Admin001\" ]\r\n}','{\r\n  \"success\" : false,\r\n  \"message\" : \"原密码不正确\",\r\n  \"code\" : 1001\r\n}',0,NULL),('1448174642770857985','用户修改密码',2,'com.basic.controller.system.user.UserController.changePassword()','POST',1,'1435083582674939906','测试','ceshi','2021-10-13 14:31:55','/user/changePassword','127.0.0.1','内网IP','{\r\n  \"oldPassword\" : [ \"admin\" ],\r\n  \"newPassword\" : [ \"Admin001\" ]\r\n}','{\r\n  \"success\" : true,\r\n  \"message\" : \"密码修改成功\",\r\n  \"code\" : 1000\r\n}',0,NULL),('1448179211672342530','用户修改密码',2,'com.basic.controller.system.user.UserController.changePassword()','POST',1,'1435083582674939906','测试','ceshi','2021-10-13 14:50:05','/user/changePassword','0:0:0:0:0:0:0:1','内网IP','{\r\n  \"oldPassword\" : [ \"Admin001\" ],\r\n  \"newPassword\" : [ \"Admin0012\" ],\r\n  \"confirmPassword\" : [ \"Admin0012\" ]\r\n}','{\r\n  \"success\" : true,\r\n  \"message\" : \"密码修改成功\",\r\n  \"code\" : 1000\r\n}',0,NULL),('1448195429372272642','用户修改密码',2,'com.basic.controller.system.user.UserController.changePassword()','POST',1,'1435083582674939906','测试','ceshi','2021-10-13 15:54:31','/user/changePassword','0:0:0:0:0:0:0:1','内网IP','{\r\n  \"oldPassword\" : [ \"aMIN001\" ],\r\n  \"newPassword\" : [ \"aDMIN001\" ],\r\n  \"confirmPassword\" : [ \"aDMIN001\" ]\r\n}','{\r\n  \"success\" : false,\r\n  \"message\" : \"原密码不正确\",\r\n  \"code\" : 1001\r\n}',0,NULL),('1448195474851110913','用户修改密码',2,'com.basic.controller.system.user.UserController.changePassword()','POST',1,'1435083582674939906','测试','ceshi','2021-10-13 15:54:42','/user/changePassword','0:0:0:0:0:0:0:1','内网IP','{\r\n  \"oldPassword\" : [ \"aDMIN001\" ],\r\n  \"newPassword\" : [ \"aDMIN001\" ],\r\n  \"confirmPassword\" : [ \"aDMIN001\" ]\r\n}','{\r\n  \"success\" : false,\r\n  \"message\" : \"原密码不正确\",\r\n  \"code\" : 1001\r\n}',0,NULL),('1448195486767128577','用户修改密码',2,'com.basic.controller.system.user.UserController.changePassword()','POST',1,'1435083582674939906','测试','ceshi','2021-10-13 15:54:45','/user/changePassword','0:0:0:0:0:0:0:1','内网IP','{\r\n  \"oldPassword\" : [ \"aDMIN0012\" ],\r\n  \"newPassword\" : [ \"aDMIN001\" ],\r\n  \"confirmPassword\" : [ \"aDMIN001\" ]\r\n}','{\r\n  \"success\" : false,\r\n  \"message\" : \"原密码不正确\",\r\n  \"code\" : 1001\r\n}',0,NULL),('1448195501623353346','用户修改密码',2,'com.basic.controller.system.user.UserController.changePassword()','POST',1,'1435083582674939906','测试','ceshi','2021-10-13 15:54:48','/user/changePassword','0:0:0:0:0:0:0:1','内网IP','{\r\n  \"oldPassword\" : [ \"aDMIN00123\" ],\r\n  \"newPassword\" : [ \"aDMIN001\" ],\r\n  \"confirmPassword\" : [ \"aDMIN001\" ]\r\n}','{\r\n  \"success\" : false,\r\n  \"message\" : \"原密码不正确\",\r\n  \"code\" : 1001\r\n}',0,NULL),('1448195882826866690','用户修改密码',2,'com.basic.controller.system.user.UserController.changePassword()','POST',1,'1435083582674939906','测试','ceshi','2021-10-13 15:56:19','/user/changePassword','0:0:0:0:0:0:0:1','内网IP','{\r\n  \"oldPassword\" : [ \"Admin0012\" ],\r\n  \"newPassword\" : [ \"Admin0012\" ],\r\n  \"confirmPassword\" : [ \"Admin0012\" ]\r\n}','{\r\n  \"success\" : true,\r\n  \"message\" : \"密码修改成功\",\r\n  \"code\" : 1000\r\n}',0,NULL),('1448198142793437186','用户修改密码',2,'com.basic.controller.system.user.UserController.changePassword()','POST',1,'1435083582674939906','测试','ceshi','2021-10-13 16:05:18','/user/changePassword','0:0:0:0:0:0:0:1','内网IP','{\r\n  \"oldPassword\" : [ \"12345678\" ],\r\n  \"newPassword\" : [ \"111111111\" ],\r\n  \"confirmPassword\" : [ \"111111111\" ]\r\n}','{\r\n  \"success\" : false,\r\n  \"message\" : \"密码必须由大写字母、小写字母和数字组成，且位数需要2-20位\",\r\n  \"code\" : 1001\r\n}',0,NULL);

/*Table structure for table `sys_organization` */

DROP TABLE IF EXISTS `sys_organization`;

CREATE TABLE `sys_organization` (
  `id` varchar(100) NOT NULL COMMENT '组织id',
  `pid` varchar(100) DEFAULT '0' COMMENT '父级组织id',
  `ancestors` varchar(300) DEFAULT '' COMMENT '祖级列表',
  `name` varchar(30) DEFAULT '' COMMENT '组织名称',
  `sort` int DEFAULT '0' COMMENT '显示顺序',
  `leader` varchar(20) DEFAULT NULL COMMENT '负责人',
  `phone` varchar(11) DEFAULT NULL COMMENT '联系电话',
  `email` varchar(50) DEFAULT NULL COMMENT '邮箱',
  `status` int DEFAULT '0' COMMENT '状态（0正常 1停用）',
  `isdel` int DEFAULT '0' COMMENT '删除标志（0代表存在 1代表删除）',
  `create_by` varchar(64) DEFAULT '' COMMENT '创建者',
  `create_time` datetime DEFAULT NULL COMMENT '创建时间',
  `update_by` varchar(64) DEFAULT '' COMMENT '更新者',
  `update_time` datetime DEFAULT NULL COMMENT '更新时间',
  `org_type` varchar(10) DEFAULT '0' COMMENT '组织类型：0公司 1部门',
  PRIMARY KEY (`id`)
) ENGINE=InnoDB DEFAULT CHARSET=utf8mb3 COMMENT='组织架构表';

/*Data for the table `sys_organization` */

insert  into `sys_organization`(`id`,`pid`,`ancestors`,`name`,`sort`,`leader`,`phone`,`email`,`status`,`isdel`,`create_by`,`create_time`,`update_by`,`update_time`,`org_type`) values ('1372095692485447681','0','0','临沂云达有限公司',0,'王xxx','18989898899',NULL,0,0,'admin','2021-03-17 16:01:20','admin','2021-03-17 16:01:20','0'),('1372096169965015041','1372095692485447681','0,1372095692485447681','实施部',0,'王佳佳','',NULL,0,0,'admin','2021-03-17 16:03:14','admin','2021-03-17 16:03:14','0'),('1372096215171223553','1372095692485447681','0,1372095692485447681','研发部',0,'赵佳佳','',NULL,0,0,'admin','2021-03-17 16:03:25','admin','2021-03-17 16:21:02','0'),('1372096260675227650','1372096215171223553','0,1372095692485447681,1372096215171223553','研发一组',0,'真佳佳','',NULL,0,0,'admin','2021-03-17 16:03:36','admin','2021-03-17 16:24:56','0'),('1372096293256581121','1372096215171223553','0,1372095692485447681,1372096215171223553','研发二组',0,'','',NULL,0,0,'admin','2021-03-17 16:03:43','admin','2021-03-17 16:22:49','0');

/*Table structure for table `sys_permission` */

DROP TABLE IF EXISTS `sys_permission`;

CREATE TABLE `sys_permission` (
  `id` varchar(40) NOT NULL COMMENT '主键',
  `name` varchar(40) DEFAULT NULL COMMENT '权限名',
  `type` int DEFAULT NULL COMMENT '权限类型',
  `code` varchar(40) DEFAULT NULL COMMENT '权限编码',
  `pid` varchar(40) DEFAULT NULL COMMENT '父权限id',
  `value` varchar(40) DEFAULT NULL COMMENT '权限值',
  `comment` varchar(100) DEFAULT NULL COMMENT '备注',
  PRIMARY KEY (`id`)
) ENGINE=InnoDB DEFAULT CHARSET=utf8mb3 CHECKSUM=1 DELAY_KEY_WRITE=1 ROW_FORMAT=DYNAMIC;

/*Data for the table `sys_permission` */

insert  into `sys_permission`(`id`,`name`,`type`,`code`,`pid`,`value`,`comment`) values ('1339083926403026946','系统管理',NULL,'system','0',NULL,'系统管理权限'),('1339084191558537217','文章管理',NULL,'article','0',NULL,'文章管理权限'),('1339086319375093761','文章查看',NULL,'article:view','1339084191558537217',NULL,''),('1339086393941430274','文章编辑',NULL,'article:edit','1339086319375093761',NULL,'111'),('1339086455106965506','文章详情',NULL,'article:detail','1339086319375093761',NULL,'222');

/*Table structure for table `sys_role` */

DROP TABLE IF EXISTS `sys_role`;

CREATE TABLE `sys_role` (
  `id` varchar(40) NOT NULL COMMENT '主键',
  `name` varchar(40) DEFAULT NULL COMMENT '角色名称',
  `code` varchar(100) DEFAULT NULL COMMENT '角色编码',
  `comment` varchar(100) DEFAULT NULL COMMENT '备注',
  PRIMARY KEY (`id`)
) ENGINE=InnoDB DEFAULT CHARSET=utf8mb3 CHECKSUM=1 DELAY_KEY_WRITE=1 ROW_FORMAT=DYNAMIC;

/*Data for the table `sys_role` */

insert  into `sys_role`(`id`,`name`,`code`,`comment`) values ('1339098556764524545','系统管理员','xitong','角色111'),('1339100639353901058','服务器管理员','fuwuqi','');

/*Table structure for table `sys_role_permission` */

DROP TABLE IF EXISTS `sys_role_permission`;

CREATE TABLE `sys_role_permission` (
  `role_id` varchar(40) DEFAULT NULL COMMENT '角色id',
  `perm_id` varchar(40) DEFAULT NULL COMMENT '权限管理id'
) ENGINE=InnoDB DEFAULT CHARSET=utf8mb3 CHECKSUM=1 DELAY_KEY_WRITE=1 ROW_FORMAT=DYNAMIC;

/*Data for the table `sys_role_permission` */

insert  into `sys_role_permission`(`role_id`,`perm_id`) values ('1339100639353901058','1339083926403026946'),('1339100639353901058','1339084191558537217'),('1339100639353901058','1339086319375093761'),('1339100639353901058','1339086393941430274'),('1339100639353901058','1339086455106965506'),('1339098556764524545','1339083926403026946');

/*Table structure for table `sys_user` */

DROP TABLE IF EXISTS `sys_user`;

CREATE TABLE `sys_user` (
  `id` varchar(40) NOT NULL COMMENT '主键',
  `username` varchar(40) CHARACTER SET utf8 COLLATE utf8_general_ci DEFAULT NULL COMMENT '登录账号',
  `password` varchar(40) DEFAULT NULL COMMENT '密码',
  `password_level` int DEFAULT '0' COMMENT '密码强度0初始 1很弱 2弱 3安全 4很安全',
  `password_time` datetime DEFAULT NULL COMMENT '密码重置时间',
  `password_status` int DEFAULT '0' COMMENT '密码重置状态0正常，1重置',
  `salt` varchar(100) DEFAULT NULL COMMENT '密码种子',
  `nickname` varchar(40) DEFAULT NULL COMMENT '用户名称',
  `email` varchar(40) DEFAULT NULL COMMENT '电子邮箱',
  `mobile` varchar(40) DEFAULT NULL COMMENT '手机号码',
  `icon` varchar(100) DEFAULT NULL COMMENT '头像地址',
  `status` int DEFAULT '1' COMMENT '用户状态，0禁用，1启用',
  `fail_num` int DEFAULT '0' COMMENT '连续登录失败次数',
  `last_fail_time` datetime DEFAULT NULL COMMENT '最近登录失败时间',
  `last_login_time` datetime DEFAULT NULL COMMENT '最近登录时间',
  `last_login_ip` varchar(100) DEFAULT NULL COMMENT '最近登录ip',
  `create_time` datetime DEFAULT NULL COMMENT '创建时间',
  `create_by` varchar(100) DEFAULT NULL COMMENT '创建者账号',
  `update_time` datetime DEFAULT NULL COMMENT '更新时间',
  `update_by` varchar(100) DEFAULT NULL COMMENT '更新者账号',
  `remark` varchar(255) DEFAULT NULL COMMENT '备注',
  PRIMARY KEY (`id`)
) ENGINE=InnoDB DEFAULT CHARSET=utf8mb3 CHECKSUM=1 DELAY_KEY_WRITE=1 ROW_FORMAT=DYNAMIC;

/*Data for the table `sys_user` */

insert  into `sys_user`(`id`,`username`,`password`,`password_level`,`password_time`,`password_status`,`salt`,`nickname`,`email`,`mobile`,`icon`,`status`,`fail_num`,`last_fail_time`,`last_login_time`,`last_login_ip`,`create_time`,`create_by`,`update_time`,`update_by`,`remark`) values ('1242327057416970241','admin','48ee931d7d244e15686233e76033e212',0,NULL,0,'1qm4busfrb','超级管理员','admin2@qq.com','18858868888',NULL,1,0,'2021-10-13 15:38:26','2021-10-13 16:37:18','0:0:0:0:0:0:0:1','2020-03-24 13:47:06',NULL,'2021-10-13 16:37:18','ceshi',NULL),('1435083582674939906','ceshi','e2ee97bf0c0efd856d45efc93027db6b',0,'2021-10-13 16:04:23',1,'dg2yilbipz','测试','189@163.com','18989898899',NULL,1,0,'2021-10-13 16:37:15','2021-10-13 16:54:53','0:0:0:0:0:0:0:1','2021-09-07 11:32:43','admin','2021-10-13 16:54:53','ceshi','测试用户'),('1448084773579030529','李00001','e3d7c9827fcb08008c22e869f4fc564a',0,NULL,0,'ah7amz0920','我是大帅哥','','',NULL,1,0,NULL,NULL,NULL,'2021-10-13 08:34:49','admin','2021-10-13 08:34:49','admin',''),('1448085022024433665','李00002','6509da25c2b67ac7601b918d8ee8bf38',0,NULL,0,'iu7l1h2kc3','我是大帅哥00002','','',NULL,1,0,NULL,NULL,NULL,'2021-10-13 08:35:48','admin','2021-10-13 08:35:48','admin',''),('1448086638249148417','admin001','79f3ce1ad244e0c5f289d62928c53719',0,'2021-10-13 09:31:38',1,'8zduubkbxq','测试管理员001','','',NULL,1,1,NULL,'2021-10-13 09:20:50','0:0:0:0:0:0:0:1','2021-10-13 08:42:13','admin','2021-10-13 09:32:14','admin',''),('1448087501730512898','admin002','67ee2a324257e6d31104160298a838ef',0,'2021-10-13 09:31:35',1,'mho17fyeqx','测试管理员002','','',NULL,1,0,NULL,'2021-10-13 09:30:12','0:0:0:0:0:0:0:1','2021-10-13 08:45:39','admin','2021-10-13 09:31:35','admin',''),('1448099431748849666','admin003','dc79be9b89bb80658ce7eba8f43ecfc9',0,'2021-10-13 09:33:18',1,'aem0qphvlg','测试管理员3','','',NULL,1,0,NULL,'2021-10-13 09:33:42','0:0:0:0:0:0:0:1','2021-10-13 09:33:04','admin','2021-10-13 10:19:33','admin003','');

/*Table structure for table `sys_user_role` */

DROP TABLE IF EXISTS `sys_user_role`;

CREATE TABLE `sys_user_role` (
  `user_id` varchar(40) DEFAULT NULL COMMENT '用户id',
  `role_id` varchar(40) DEFAULT NULL COMMENT '角色ID'
) ENGINE=InnoDB DEFAULT CHARSET=utf8mb3 CHECKSUM=1 DELAY_KEY_WRITE=1 ROW_FORMAT=DYNAMIC;

/*Data for the table `sys_user_role` */

insert  into `sys_user_role`(`user_id`,`role_id`) values ('1339051163721404418','1339100639353901058'),('1242327057416970241','1339098556764524545'),('1435083582674939906','1339100639353901058'),('1435083582674939906','1339098556764524545');

/*Table structure for table `upload_files` */

DROP TABLE IF EXISTS `upload_files`;

CREATE TABLE `upload_files` (
  `id` varchar(100) NOT NULL COMMENT '主键',
  `storage` varchar(100) DEFAULT NULL COMMENT '上传类型',
  `url` varchar(300) DEFAULT NULL COMMENT '地址',
  `name` varchar(300) DEFAULT NULL COMMENT '文件名称',
  `size` int DEFAULT '0' COMMENT '文件大小',
  `type` varchar(100) DEFAULT NULL COMMENT '文件类型',
  `extension` varchar(100) DEFAULT NULL COMMENT '文件后缀名',
  `create_time` datetime DEFAULT NULL COMMENT '创建时间',
  `create_by` varchar(100) DEFAULT NULL COMMENT '创建人',
  PRIMARY KEY (`id`)
) ENGINE=InnoDB DEFAULT CHARSET=utf8mb3 CHECKSUM=1 DELAY_KEY_WRITE=1 ROW_FORMAT=DYNAMIC;

/*Data for the table `upload_files` */

insert  into `upload_files`(`id`,`storage`,`url`,`name`,`size`,`type`,`extension`,`create_time`,`create_by`) values ('1344105438696755202',NULL,'http://localhost:8888/profile/upload/2020/12/30/4b6cb44a3d88af747afc24b7bf4418cb.jpg','2016070407232701586cd8a36248e79e09fb893852b1c1ss.jpg',47403,'image','jpg','2020-12-30 10:18:04','admin'),('1344105447584485378',NULL,'http://localhost:8888/profile/upload/2020/12/30/1a644d2b53dcd42c183dccd24e4ed4c1.jpg','d83a5f9058f29b2c0960447bd3ba42e3.jpg',174552,'image','jpg','2020-12-30 10:18:06','admin'),('1344105469491335169',NULL,'http://localhost:8888/profile/upload/2020/12/30/8d0ebe1c3b6bc6daceaf74b7d422aa9b.jpg','2016070407232701586cd8a36248e79e09fb893852b1c1ss.jpg',47403,'file','jpg','2020-12-30 10:18:11','admin'),('1344105529587322881',NULL,'http://localhost:8888/profile/upload/2020/12/30/01d5c97ec87c502058d91e1b263c37c2.jpg','d83a5f9058f29b2c0960447bd3ba42e3.jpg',174552,'image','jpg','2020-12-30 10:18:25','admin'),('1372031689063165953',NULL,'http://localhost:8888/profile/upload/2021/03/17/f2a8cfc96c51ca1d92571ac118dc2ce3.jpg','1-20102GG1380-L.jpg',22071,'file','jpg','2021-03-17 11:47:00','admin'),('1372031701100818433',NULL,'http://localhost:8888/profile/upload/2021/03/17/5bef13491bbfe02a3aa44499a801dc49.jpg','1-20102G625400-L.jpg',30210,'image','jpg','2021-03-17 11:47:03','admin'),('1372031754410422273',NULL,'http://localhost:8888/profile/upload/2021/03/17/e32f6ce48c846a3641a37bda196563b4.jpg','1615952836000.jpg',65265,'image','jpg','2021-03-17 11:47:16','admin'),('1383951492837335042',NULL,'/profile/upload/images/2021/04/19/efc461435a2d6f39afffdc65f1ee37df.jpg','1618794723000.jpg',340205,'image/jpeg','jpg','2021-04-19 09:12:03','admin'),('1383951520393912322',NULL,'/profile/upload/images/2021/04/19/073dddbf798e8ec53b00c8750000e26d.jpg','160041F02RV0-1O193.jpg',65419,'image/jpeg','jpg','2021-04-19 09:12:10','admin'),('1383951552841048066',NULL,'/profile/upload/images/2021/04/19/a7f2a872ae34946f17b536d2418d7d56.jpg','160041F4H3310-191516-1.jpg',166652,'image/jpeg','jpg','2021-04-19 09:12:17','admin'),('1383951553084317698',NULL,'/profile/upload/images/2021/04/19/6857bff728db4fedb9494e3690647ba6.jpg','160041F21Y130-Q546.jpg',43171,'image/jpeg','jpg','2021-04-19 09:12:17','admin'),('1383951553340170242',NULL,'/profile/upload/images/2021/04/19/97cd50799cbfb325d6f5a3cc33ef78d3.jpg','160041F21Y130-Q546-1.jpg',43171,'image/jpeg','jpg','2021-04-19 09:12:18','admin'),('1383951553503748098',NULL,'/profile/upload/images/2021/04/19/8e5fdb65de8271a3115f5f25a47c5e52.jpg','160041F23A160-91594.jpg',59107,'image/jpeg','jpg','2021-04-19 09:12:18','admin'),('1383951553713463297',NULL,'/profile/upload/images/2021/04/19/83ba294c0b7627ebea1207ff1b381412.jpg','160041F23A160-91594-1.jpg',59107,'image/jpeg','jpg','2021-04-19 09:12:18','admin'),('1383951588463271937',NULL,'/profile/upload/images/2021/04/19/2f9eb9ded69b7c5cf19929200c49483d.jpg','160041G45X0-20S64.jpg',33214,'file','jpg','2021-04-19 09:12:26','admin'),('1435400723366260738',NULL,'/profile/upload/images/20210908/edf679f934b03f4f0f2effc0f4c1a9d9.jpg','0da808035300f67ac2dace81e2165ca5.jpg',114437,'image/jpeg','jpg','2021-09-08 08:32:56','admin'),('1435400801061548033',NULL,'/profile/upload/images/20210908/595548e2c0542979120fa55069ef9497.jpg','0da808035300f67ac2dace81e2165ca5.jpg',114437,'image/jpeg','jpg','2021-09-08 08:33:14','admin'),('1442300416729874433',NULL,'/profile/upload/images/20210927/13c8c8fa49e9ab033e02942c497e2549.jpg','0da808035300f67ac2dace81e2165ca5 (1).jpg',114437,'image/jpeg','jpg','2021-09-27 09:29:51','admin'),('1442300441782452225',NULL,'/profile/upload/images/20210927/97a2ea54df38b75d4eaeeb87f3e372be.jpg','test (1).jpg',13187,'image/jpeg','jpg','2021-09-27 09:29:57','admin'),('1442300521763635202',NULL,'/profile/upload/documents/20210927/23cf092edcd1dc9f9c89440f5b109959.xlsx','1630570225052个人信息数据.xlsx',5857,'file','xlsx','2021-09-27 09:30:16','admin');

/*!40101 SET SQL_MODE=@OLD_SQL_MODE */;
/*!40014 SET FOREIGN_KEY_CHECKS=@OLD_FOREIGN_KEY_CHECKS */;
